timestamp,process_id,user,process_name,cpu_usage,memory_usage,keystroke_hook,network_activity,label,rule_flag,rf_pred
2025-01-11 23:15:00,10000,heidi,hid_hook.exe,5.13,96.8,1,1,1,1,0.0
2025-01-01 14:20:00,10001,bob,discord.exe,16.57,10.0,0,0,0,0,
2025-01-27 11:58:00,10002,heidi,chrome.exe,33.28,476.9,1,1,0,0,0.0
2025-01-08 20:04:00,10003,diana,excel.exe,19.35,354.0,0,1,0,0,
2025-01-05 08:25:00,10004,grace,keycap.exe,1.07,64.6,1,0,0,0,
2025-01-12 16:50:00,10005,grace,firefox.exe,24.53,482.0,0,0,0,0,0.0
2025-01-26 19:54:00,10006,eve,notepad.exe,15.05,513.4,0,1,0,0,
2025-01-16 06:02:00,10007,alice,teams.exe,15.04,346.4,0,1,0,0,
2025-01-12 03:03:00,10008,diana,notepad.exe,18.16,413.6,0,0,1,0,
2025-01-29 12:50:00,10009,frank,keycap.exe,16.64,141.8,1,1,1,0,
2025-01-02 04:05:00,10010,grace,explorer.exe,17.05,138.2,0,0,0,0,
2025-01-01 12:49:00,10011,charlie,keycap.exe,0.0,74.9,1,1,1,1,
2025-01-02 16:33:00,10012,diana,keylog.exe,7.59,101.3,1,1,1,1,1.0
2025-01-04 16:31:00,10013,eve,spotify.exe,39.72,557.0,0,0,0,0,
2025-01-27 06:19:00,10014,frank,spotify.exe,0.0,406.8,0,0,0,0,
2025-01-28 05:08:00,10015,alice,keycap.exe,13.74,33.0,1,1,1,1,
2025-01-13 04:48:00,10016,alice,firefox.exe,42.6,580.6,0,0,0,0,
2025-01-14 17:29:00,10017,eve,python.exe,0.0,388.1,0,0,0,0,
2025-01-20 22:13:00,10018,eve,outlook.exe,6.44,123.1,0,0,0,0,
2025-01-05 10:36:00,10019,charlie,chrome.exe,34.36,385.8,0,1,0,0,0.0
2025-01-20 02:00:00,10020,grace,firefox.exe,23.79,278.3,0,0,0,0,0.0
2025-01-29 18:34:00,10021,alice,keylog.exe,8.7,142.6,1,1,0,1,
2025-01-18 19:38:00,10022,frank,firefox.exe,13.21,425.8,0,0,0,0,
2025-01-14 03:42:00,10023,diana,keystreamer.exe,12.35,144.8,0,1,0,0,
2025-01-13 19:11:00,10024,frank,chrome.exe,17.18,391.9,0,1,0,0,
2025-01-02 21:47:00,10025,bob,word.exe,10.12,284.0,0,0,0,0,
2025-01-01 03:09:00,10026,charlie,vscode.exe,41.36,418.0,0,1,0,0,0.0
2025-01-14 06:38:00,10027,eve,excel.exe,17.63,462.9,0,1,0,0,0.0
2025-01-25 20:13:00,10028,charlie,spotify.exe,6.66,103.4,0,0,0,0,
2025-01-02 07:39:00,10029,bob,chrome.exe,22.5,315.1,0,0,0,0,
2025-01-01 21:07:00,10030,alice,vscode.exe,0.0,693.6,0,1,0,0,
2025-01-22 21:51:00,10031,frank,firefox.exe,0.0,270.0,0,0,0,0,
2025-01-08 21:54:00,10032,frank,outlook.exe,18.97,408.8,0,0,1,0,
2025-01-03 11:16:00,10033,eve,excel.exe,27.54,702.1,0,0,0,0,
2025-01-03 16:50:00,10034,grace,discord.exe,10.12,491.1,0,0,0,0,0.0
2025-01-29 21:26:00,10035,grace,hid_hook.exe,4.99,136.0,1,1,1,1,0.0
2025-01-22 08:20:00,10036,diana,teams.exe,27.72,10.0,0,1,1,0,
2025-01-11 01:42:00,10037,eve,word.exe,28.0,155.5,0,0,0,0,
2025-01-16 02:57:00,10038,heidi,chrome.exe,31.63,265.9,0,1,0,0,
2025-01-08 09:07:00,10039,diana,hid_hook.exe,5.76,90.7,1,1,0,1,
2025-01-07 02:32:00,10040,heidi,excel.exe,33.57,681.6,0,0,0,0,
2025-01-30 21:01:00,10041,grace,vscode.exe,12.36,595.9,1,0,0,0,0.0
2025-01-06 20:33:00,10042,eve,spotify.exe,2.21,506.9,0,1,0,0,
2025-01-30 20:41:00,10043,heidi,word.exe,8.79,243.3,0,0,1,0,
2025-01-08 15:36:00,10044,eve,firefox.exe,5.86,473.6,0,0,0,0,0.0
2025-01-17 14:17:00,10045,eve,python.exe,42.07,412.9,0,0,1,0,
2025-01-02 19:32:00,10046,grace,teams.exe,13.89,428.4,1,0,0,0,0.0
2025-01-17 07:23:00,10047,diana,notepad.exe,15.59,138.9,0,0,0,0,
2025-01-12 21:59:00,10048,diana,notepad.exe,19.16,290.5,0,0,0,0,
2025-01-29 11:14:00,10049,eve,notepad.exe,12.57,150.3,0,1,0,0,
2025-01-11 02:21:00,10050,bob,outlook.exe,27.39,270.4,0,0,0,0,
2025-01-25 22:40:00,10051,charlie,notepad.exe,16.74,524.9,0,0,0,0,0.0
2025-01-19 10:11:00,10052,grace,spotify.exe,7.75,297.0,0,0,0,0,
2025-01-02 02:25:00,10053,charlie,python.exe,51.58,305.0,0,0,0,0,
2025-01-03 17:43:00,10054,charlie,vscode.exe,21.27,192.2,0,0,0,0,
2025-01-17 14:59:00,10055,diana,hid_hook.exe,8.32,21.2,0,1,1,0,0.0
2025-01-14 12:17:00,10056,diana,outlook.exe,19.44,573.6,0,0,0,0,
2025-01-01 17:01:00,10057,bob,keylog.exe,4.15,92.0,1,1,1,1,
2025-01-09 02:13:00,10058,charlie,discord.exe,33.39,127.3,0,0,0,0,
2025-01-10 07:37:00,10059,charlie,hid_hook.exe,9.9,11.3,1,1,1,1,
2025-01-29 07:17:00,10060,eve,word.exe,17.3,347.7,0,0,0,0,
2025-01-07 17:32:00,10061,diana,keycap.exe,3.03,118.5,1,1,1,1,
2025-01-05 18:33:00,10062,charlie,spotify.exe,17.32,433.1,0,0,0,0,0.0
2025-01-04 22:35:00,10063,frank,excel.exe,27.58,375.0,0,1,0,0,
2025-01-01 02:41:00,10064,bob,firefox.exe,47.89,259.1,0,1,0,0,
2025-01-26 17:45:00,10065,heidi,chrome.exe,27.52,248.3,0,0,0,0,
2025-01-19 10:37:00,10066,frank,keylog.exe,7.38,124.7,1,1,1,1,
2025-01-24 10:43:00,10067,frank,teams.exe,9.44,430.5,0,1,0,0,
2025-01-23 15:26:00,10068,heidi,discord.exe,33.95,236.5,0,0,0,0,0.0
2025-01-09 00:14:00,10069,grace,chrome.exe,33.55,342.1,0,0,0,0,
2025-01-21 05:27:00,10070,grace,firefox.exe,30.95,439.0,0,0,0,0,
2025-01-29 01:17:00,10071,bob,discord.exe,32.32,30.6,0,0,0,0,
2025-01-18 22:51:00,10072,frank,teams.exe,25.69,472.4,0,0,0,0,
2025-01-01 16:56:00,10073,charlie,chrome.exe,7.1,440.8,0,0,1,0,
2025-01-17 20:13:00,10074,diana,spotify.exe,25.92,354.5,0,0,1,0,
2025-01-17 20:36:00,10075,bob,keycap.exe,7.93,146.8,1,1,1,1,
2025-01-17 03:27:00,10076,eve,word.exe,28.79,85.9,0,0,0,0,
2025-01-17 21:00:00,10077,heidi,word.exe,19.49,222.4,0,0,0,0,0.0
2025-01-06 22:09:00,10078,frank,spotify.exe,30.24,18.0,0,0,0,0,
2025-01-12 23:42:00,10079,bob,notepad.exe,20.55,412.9,0,0,0,0,
2025-01-07 10:28:00,10080,alice,discord.exe,40.76,162.5,0,0,0,0,
2025-01-15 18:31:00,10081,alice,keystreamer.exe,13.83,91.4,1,1,1,1,
2025-01-09 11:05:00,10082,grace,explorer.exe,44.34,633.0,0,0,0,0,0.0
2025-01-15 18:03:00,10083,heidi,notepad.exe,35.39,252.6,0,0,0,0,
2025-01-28 03:39:00,10084,diana,teams.exe,14.34,153.3,0,1,0,0,0.0
2025-01-06 22:51:00,10085,charlie,vscode.exe,44.34,188.5,0,0,0,0,
2025-01-28 18:16:00,10086,diana,notepad.exe,6.96,402.3,0,0,0,0,
2025-01-27 10:04:00,10087,diana,keylog.exe,10.14,129.9,1,1,0,1,
2025-01-29 07:34:00,10088,diana,python.exe,28.16,270.1,0,1,0,0,
2025-01-02 18:48:00,10089,heidi,hid_hook.exe,8.5,127.3,1,0,0,0,
2025-01-02 09:47:00,10090,diana,notepad.exe,26.24,368.2,0,1,1,0,0.0
2025-01-02 20:55:00,10091,eve,notepad.exe,9.17,59.5,0,0,0,0,
2025-01-04 15:38:00,10092,heidi,hid_hook.exe,0.0,302.15,1,1,1,1,0.0
2025-01-16 06:42:00,10093,eve,syskey32.exe,0.19,93.5,0,1,1,0,
2025-01-28 10:24:00,10094,heidi,explorer.exe,6.76,189.0,0,0,0,0,0.0
2025-01-24 00:39:00,10095,grace,keylog.exe,11.16,97.5,1,1,1,1,
2025-01-10 17:06:00,10096,bob,kl_service.exe,9.2,191.5,1,1,1,1,1.0
2025-01-09 19:06:00,10097,alice,python.exe,27.24,485.6,0,1,0,0,
2025-01-27 20:20:00,10098,diana,excel.exe,18.37,227.8,0,1,1,0,0.0
2025-01-03 11:21:00,10099,grace,spotify.exe,31.55,471.3,0,0,0,0,
2025-01-19 15:34:00,10100,bob,teams.exe,25.81,345.2,0,0,1,0,
2025-01-28 01:12:00,10101,alice,keystreamer.exe,14.32,96.8,1,1,1,1,
2025-01-16 17:42:00,10102,frank,outlook.exe,23.36,134.3,0,1,0,0,
2025-01-06 19:52:00,10103,charlie,word.exe,0.0,509.5,0,0,0,0,
2025-01-22 04:55:00,10104,eve,explorer.exe,52.52,377.4,0,0,0,0,
2025-01-10 01:47:00,10105,frank,outlook.exe,26.08,268.6,0,1,0,0,
2025-01-17 09:19:00,10106,heidi,word.exe,7.73,311.7,0,0,0,0,
2025-01-25 11:02:00,10107,alice,vscode.exe,25.52,338.8,0,0,0,0,
2025-01-09 05:17:00,10108,frank,excel.exe,37.81,332.3,0,0,0,0,0.0
2025-01-10 17:59:00,10109,charlie,explorer.exe,16.52,304.7,0,0,0,0,
2025-01-22 09:38:00,10110,grace,firefox.exe,31.16,538.6,0,0,0,0,
2025-01-14 06:35:00,10111,alice,outlook.exe,18.19,248.7,0,0,0,0,
2025-01-08 14:45:00,10112,frank,hid_hook.exe,12.36,52.7,1,0,1,0,
2025-01-18 00:58:00,10113,eve,word.exe,28.17,376.9,0,0,0,0,
2025-01-30 12:50:00,10114,eve,firefox.exe,3.27,135.8,0,1,0,0,0.0
2025-01-04 12:16:00,10115,bob,syskey32.exe,5.32,115.5,0,1,1,0,
2025-01-23 13:22:00,10116,frank,vscode.exe,30.87,442.3,0,1,0,0,
2025-01-06 15:10:00,10117,diana,outlook.exe,12.68,663.7,0,0,0,0,0.0
2025-01-10 13:33:00,10118,frank,keylog.exe,0.0,105.2,1,1,1,1,
2025-01-19 22:26:00,10119,grace,vscode.exe,27.14,484.9,0,1,0,0,
2025-01-13 02:12:00,10120,alice,keycap.exe,0.0,95.2,0,1,1,0,
2025-01-24 02:30:00,10121,alice,teams.exe,24.18,606.4,0,0,0,0,
2025-01-05 19:10:00,10122,charlie,keylog.exe,2.4,114.5,1,1,1,1,
2025-01-18 16:06:00,10123,frank,keycap.exe,2.93,159.1,1,1,1,1,1.0
2025-01-01 03:26:00,10124,grace,explorer.exe,39.75,441.7,0,1,0,0,
2025-01-15 22:38:00,10125,charlie,keylog.exe,12.03,130.3,1,1,1,1,
2025-01-16 12:41:00,10126,heidi,chrome.exe,6.54,10.0,0,0,0,0,0.0
2025-01-17 06:19:00,10127,grace,chrome.exe,18.29,237.2,0,0,0,0,
2025-01-29 20:03:00,10128,eve,outlook.exe,15.03,478.1,0,0,0,0,
2025-01-16 13:23:00,10129,grace,spotify.exe,17.21,252.1,0,0,0,0,
2025-01-13 14:21:00,10130,alice,discord.exe,7.62,504.4,0,0,0,0,0.0
2025-01-11 07:00:00,10131,eve,vscode.exe,41.35,484.5,0,0,0,0,
2025-01-29 00:22:00,10132,alice,firefox.exe,33.04,367.1,0,0,0,0,
2025-01-05 10:14:00,10133,bob,firefox.exe,36.11,89.9,0,0,0,0,0.0
2025-01-02 03:58:00,10134,diana,vscode.exe,37.98,464.3,0,0,0,0,0.0
2025-01-24 11:47:00,10135,alice,firefox.exe,20.46,67.7,0,0,1,0,
2025-01-12 05:58:00,10136,eve,keylog.exe,13.24,103.2,1,1,1,1,
2025-01-07 21:14:00,10137,bob,excel.exe,28.34,423.3,0,0,0,0,
2025-01-20 08:50:00,10138,alice,discord.exe,18.73,338.8,0,0,0,0,
2025-01-16 11:39:00,10139,charlie,notepad.exe,18.3,466.9,0,0,1,0,
2025-01-30 13:17:00,10140,grace,notepad.exe,27.24,549.0,0,0,0,0,0.0
2025-01-02 20:53:00,10141,diana,teams.exe,22.34,412.7,0,0,0,0,
2025-01-21 11:07:00,10142,alice,outlook.exe,18.045,296.8,0,0,0,0,
2025-01-21 15:23:00,10143,bob,word.exe,22.17,373.4,0,0,0,0,0.0
2025-01-03 12:27:00,10144,charlie,keylog.exe,2.03,127.1,1,1,1,1,
2025-01-19 00:19:00,10145,frank,outlook.exe,28.51,477.3,0,0,0,0,0.0
2025-01-30 19:41:00,10146,bob,word.exe,33.54,76.3,1,0,0,0,
2025-01-16 03:54:00,10147,grace,outlook.exe,11.17,509.1,0,1,0,0,
2025-01-13 12:47:00,10148,bob,spotify.exe,53.73,124.6,0,0,0,0,
2025-01-19 03:05:00,10149,charlie,outlook.exe,13.86,361.4,0,0,0,0,
2025-01-08 02:30:00,10150,bob,keystreamer.exe,7.93,139.5,1,1,0,1,
2025-01-11 21:47:00,10151,charlie,excel.exe,46.99,176.4,0,0,0,0,0.0
2025-01-16 06:16:00,10152,alice,word.exe,28.25,446.8,1,0,0,0,
2025-01-17 12:16:00,10153,heidi,vscode.exe,5.38,494.5,0,0,0,0,
2025-01-21 21:20:00,10154,charlie,word.exe,45.48,313.8,0,0,0,0,
2025-01-01 21:46:00,10155,charlie,keystreamer.exe,14.07,76.6,1,0,1,0,
2025-01-05 16:56:00,10156,diana,firefox.exe,30.7,427.4,0,1,0,0,
2025-01-19 22:11:00,10157,charlie,word.exe,26.19,302.15,0,1,0,0,
2025-01-07 13:54:00,10158,charlie,teams.exe,12.49,303.8,0,0,0,0,
2025-01-28 23:34:00,10159,frank,keycap.exe,4.42,136.8,1,0,0,0,
2025-01-16 05:59:00,10160,heidi,firefox.exe,10.02,235.5,0,0,0,0,
2025-01-04 20:10:00,10161,alice,spotify.exe,3.51,330.1,0,0,0,0,0.0
2025-01-21 08:40:00,10162,grace,word.exe,29.18,222.6,0,1,0,0,
2025-01-03 14:28:00,10163,diana,excel.exe,31.69,204.0,0,0,0,0,
2025-01-23 04:48:00,10164,frank,teams.exe,21.69,84.6,0,1,0,0,
2025-01-23 14:42:00,10165,eve,outlook.exe,30.48,489.5,0,0,0,0,
2025-01-10 09:45:00,10166,heidi,discord.exe,11.7,518.8,0,0,0,0,
2025-01-01 11:03:00,10167,alice,outlook.exe,0.0,171.6,0,0,0,0,
2025-01-25 03:26:00,10168,alice,kl_service.exe,10.31,165.2,1,0,1,0,
2025-01-06 13:14:00,10169,eve,word.exe,23.06,379.6,1,1,0,0,0.0
2025-01-20 11:01:00,10170,grace,notepad.exe,0.0,345.5,1,0,0,0,0.0
2025-01-22 01:03:00,10171,charlie,keystreamer.exe,6.57,136.4,1,1,1,1,
2025-01-03 07:04:00,10172,frank,vscode.exe,18.72,404.8,0,0,0,0,0.0
2025-01-28 07:53:00,10173,bob,spotify.exe,23.66,299.0,0,0,0,0,
2025-01-13 06:35:00,10174,diana,syskey32.exe,8.2,69.9,1,1,1,1,1.0
2025-01-17 14:58:00,10175,bob,keycap.exe,8.88,124.1,0,0,1,0,
2025-01-17 10:24:00,10176,eve,notepad.exe,28.46,343.7,0,0,0,0,
2025-01-02 03:16:00,10177,alice,notepad.exe,12.84,370.4,0,0,0,0,
2025-01-14 22:40:00,10178,grace,keycap.exe,11.14,58.7,1,1,1,1,1.0
2025-01-20 06:08:00,10179,alice,spotify.exe,37.14,377.0,0,0,0,0,0.0
2025-01-19 13:36:00,10180,diana,outlook.exe,13.08,230.4,0,0,0,0,
2025-01-20 21:53:00,10181,alice,python.exe,24.25,110.9,0,1,0,0,
2025-01-27 01:05:00,10182,alice,excel.exe,17.5,302.3,0,0,0,0,
2025-01-01 14:14:00,10183,diana,outlook.exe,35.47,427.6,1,0,0,0,0.0
2025-01-18 01:08:00,10184,frank,vscode.exe,8.93,326.6,0,1,1,0,0.0
2025-01-27 19:43:00,10185,frank,python.exe,32.1,257.4,0,0,0,0,
2025-01-06 03:12:00,10186,diana,explorer.exe,27.37,405.7,0,0,0,0,
2025-01-15 23:16:00,10187,grace,syskey32.exe,8.16,151.2,1,1,1,1,0.0
2025-01-27 18:39:00,10188,eve,spotify.exe,27.11,352.9,0,0,0,0,
2025-01-19 06:29:00,10189,heidi,teams.exe,10.52,420.9,0,0,0,0,
2025-01-16 05:19:00,10190,alice,vscode.exe,32.73,32.5,0,1,1,0,0.0
2025-01-04 10:11:00,10191,grace,discord.exe,20.15,302.15,0,1,0,0,
2025-01-23 21:30:00,10192,alice,python.exe,63.95,130.5,0,0,0,0,
2025-01-09 19:28:00,10193,heidi,keystreamer.exe,0.0,170.4,0,0,1,0,
2025-01-18 14:22:00,10194,eve,outlook.exe,27.85,448.6,0,1,0,0,
2025-01-26 19:17:00,10195,frank,keycap.exe,10.46,205.1,1,1,1,1,
2025-01-02 14:47:00,10196,grace,notepad.exe,18.21,515.5,0,1,0,0,
2025-01-29 07:32:00,10197,charlie,firefox.exe,15.39,196.1,0,0,0,0,
2025-01-29 03:45:00,10198,charlie,hid_hook.exe,3.48,115.5,1,0,1,0,0.0
2025-01-01 03:17:00,10199,heidi,discord.exe,0.0,537.2,0,1,0,0,
2025-01-17 07:49:00,10200,charlie,word.exe,30.28,10.0,0,0,0,0,
2025-01-25 02:18:00,10201,frank,excel.exe,14.87,205.1,0,0,0,0,
2025-01-11 11:27:00,10202,heidi,spotify.exe,15.15,460.1,0,1,0,0,
2025-01-16 17:51:00,10203,frank,excel.exe,25.05,585.3,0,0,0,0,
2025-01-18 11:44:00,10204,eve,python.exe,27.02,560.2,0,0,0,0,
2025-01-20 08:08:00,10205,alice,teams.exe,24.06,191.1,0,0,0,0,
2025-01-30 05:47:00,10206,eve,keylog.exe,13.41,169.8,0,0,1,0,
2025-01-15 08:26:00,10207,eve,spotify.exe,17.58,281.0,0,0,0,0,
2025-01-11 21:48:00,10208,frank,keylog.exe,7.97,153.4,1,1,1,1,
2025-01-19 07:30:00,10209,heidi,teams.exe,3.79,296.4,0,0,0,0,0.0
2025-01-02 22:51:00,10210,heidi,chrome.exe,19.83,57.7,0,0,0,0,
2025-01-05 13:06:00,10211,charlie,explorer.exe,8.59,198.2,0,0,0,0,
2025-01-25 03:14:00,10212,bob,spotify.exe,5.85,452.3,0,1,0,0,0.0
2025-01-21 23:26:00,10213,alice,keycap.exe,0.39,175.6,1,1,1,1,
2025-01-29 13:06:00,10214,frank,syskey32.exe,14.19,62.0,1,1,1,1,
2025-01-08 22:11:00,10215,charlie,chrome.exe,7.77,428.1,0,0,0,0,0.0
2025-01-03 00:31:00,10216,grace,keycap.exe,10.02,117.9,1,0,1,0,0.0
2025-01-02 04:54:00,10217,bob,vscode.exe,0.0,210.6,0,1,0,0,0.0
2025-01-13 15:47:00,10218,bob,vscode.exe,44.46,423.4,0,0,0,0,
2025-01-07 00:40:00,10219,frank,keystreamer.exe,5.99,213.5,1,1,1,1,
2025-01-14 10:40:00,10220,diana,excel.exe,36.28,502.1,1,0,0,0,
2025-01-13 17:43:00,10221,alice,notepad.exe,20.39,199.0,0,0,0,0,
2025-01-04 23:59:00,10222,bob,word.exe,34.57,525.4,0,0,1,0,
2025-01-17 00:38:00,10223,frank,chrome.exe,30.67,215.8,0,1,0,0,
2025-01-25 09:53:00,10224,frank,excel.exe,11.63,328.9,0,0,0,0,0.0
2025-01-08 17:11:00,10225,charlie,teams.exe,22.19,337.0,0,1,0,0,
2025-01-27 01:04:00,10226,grace,teams.exe,10.32,68.4,0,0,0,0,
2025-01-02 06:02:00,10227,diana,spotify.exe,5.19,381.0,0,1,0,0,
2025-01-06 15:55:00,10228,alice,discord.exe,23.85,465.0,0,0,0,0,0.0
2025-01-06 15:20:00,10229,heidi,excel.exe,16.96,554.4,0,0,0,0,
2025-01-28 08:24:00,10230,eve,discord.exe,15.41,478.9,0,0,1,0,
2025-01-16 05:18:00,10231,grace,spotify.exe,16.08,566.5,0,0,0,0,
2025-01-15 04:45:00,10232,grace,keycap.exe,11.95,137.0,1,1,0,1,
2025-01-22 01:06:00,10233,charlie,keycap.exe,17.35,20.7,1,0,1,0,
2025-01-12 13:26:00,10234,heidi,keylog.exe,10.81,150.3,0,1,1,0,0.0
2025-01-22 13:45:00,10235,bob,chrome.exe,25.7,26.5,0,1,0,0,
2025-01-18 11:59:00,10236,bob,explorer.exe,17.59,74.6,0,0,0,0,
2025-01-30 03:36:00,10237,charlie,spotify.exe,23.18,518.1,0,1,0,0,
2025-01-12 08:51:00,10238,frank,chrome.exe,35.43,625.1,0,1,0,0,
2025-01-09 05:15:00,10239,bob,spotify.exe,13.16,245.2,0,0,1,0,
2025-01-02 10:09:00,10240,diana,chrome.exe,35.03,508.3,0,0,0,0,
2025-01-22 22:56:00,10241,alice,excel.exe,23.6,395.2,0,0,0,0,
2025-01-27 12:31:00,10242,grace,discord.exe,32.3,314.8,0,0,0,0,
2025-01-15 12:52:00,10243,grace,chrome.exe,11.12,606.4,0,1,0,0,
2025-01-21 17:35:00,10244,diana,vscode.exe,19.3,593.8,0,0,0,0,
2025-01-05 23:18:00,10245,heidi,keystreamer.exe,9.67,105.1,1,1,0,1,
2025-01-30 20:56:00,10246,bob,keystreamer.exe,3.51,86.3,1,1,1,1,1.0
2025-01-06 03:20:00,10247,grace,hid_hook.exe,7.82,137.8,0,1,1,0,
2025-01-30 14:42:00,10248,eve,outlook.exe,23.81,307.5,0,0,0,0,
2025-01-11 12:31:00,10249,heidi,notepad.exe,29.82,179.3,0,0,1,0,
2025-01-01 19:14:00,10250,alice,discord.exe,27.49,568.4,0,0,0,0,
2025-01-04 02:59:00,10251,alice,python.exe,30.02,212.3,0,0,0,0,
2025-01-05 08:55:00,10252,grace,excel.exe,28.5,566.3,0,1,0,0,0.0
2025-01-09 11:03:00,10253,charlie,excel.exe,41.69,251.7,0,0,0,0,
2025-01-21 08:19:00,10254,heidi,keycap.exe,8.08,165.1,1,1,1,1,
2025-01-09 22:34:00,10255,grace,notepad.exe,21.02,431.5,0,0,0,0,0.0
2025-01-23 17:11:00,10256,charlie,explorer.exe,12.19,258.6,0,0,0,0,
2025-01-04 20:19:00,10257,grace,excel.exe,20.12,546.2,0,1,1,0,
2025-01-30 10:45:00,10258,eve,teams.exe,26.2,115.3,0,0,0,0,0.0
2025-01-02 18:37:00,10259,heidi,discord.exe,16.73,594.9,0,0,0,0,
2025-01-27 15:20:00,10260,frank,chrome.exe,35.94,228.3,0,0,0,0,
2025-01-12 10:42:00,10261,alice,explorer.exe,24.07,339.8,0,0,0,0,
2025-01-02 12:40:00,10262,grace,notepad.exe,38.02,444.5,0,0,0,0,
2025-01-03 01:21:00,10263,eve,explorer.exe,2.17,128.7,0,0,0,0,
2025-01-15 19:57:00,10264,charlie,firefox.exe,28.0,140.1,0,0,0,0,
2025-01-09 07:29:00,10265,charlie,word.exe,18.39,10.0,0,0,0,0,
2025-01-02 23:49:00,10266,alice,outlook.exe,33.26,296.8,0,1,0,0,
2025-01-20 21:23:00,10267,diana,spotify.exe,6.26,480.1,0,0,0,0,0.0
2025-01-18 04:16:00,10268,grace,discord.exe,33.43,421.1,0,0,1,0,
2025-01-27 17:07:00,10269,heidi,spotify.exe,44.87,280.5,0,0,0,0,0.0
2025-01-17 04:48:00,10270,bob,firefox.exe,23.81,464.8,0,0,0,0,
2025-01-18 23:16:00,10271,charlie,keycap.exe,12.66,133.1,1,1,0,1,
2025-01-15 18:55:00,10272,heidi,outlook.exe,11.25,499.4,0,0,0,0,
2025-01-03 18:27:00,10273,heidi,kl_service.exe,10.91,127.9,1,1,1,1,
2025-01-16 13:19:00,10274,frank,word.exe,19.53,238.0,1,1,0,0,0.0
2025-01-24 14:26:00,10275,heidi,teams.exe,20.66,234.3,0,1,0,0,0.0
2025-01-15 12:00:00,10276,heidi,hid_hook.exe,1.98,67.9,1,0,1,0,0.0
2025-01-04 06:55:00,10277,frank,chrome.exe,24.39,393.0,0,0,0,0,
2025-01-04 03:55:00,10278,charlie,excel.exe,38.22,392.3,0,0,0,0,
2025-01-30 02:34:00,10279,heidi,discord.exe,11.84,346.3,0,0,0,0,
2025-01-29 08:18:00,10280,diana,python.exe,15.52,186.2,0,0,0,0,
2025-01-14 18:30:00,10281,diana,python.exe,18.65,476.8,0,0,0,0,
2025-01-13 02:29:00,10282,eve,notepad.exe,33.42,295.0,0,1,0,0,
2025-01-05 18:53:00,10283,frank,vscode.exe,42.75,361.1,0,1,0,0,
2025-01-10 23:33:00,10284,eve,notepad.exe,11.29,410.3,0,0,0,0,0.0
2025-01-03 09:16:00,10285,frank,notepad.exe,24.56,474.3,0,0,0,0,
2025-01-07 01:54:00,10286,grace,excel.exe,13.38,315.4,0,1,0,0,0.0
2025-01-08 09:57:00,10287,grace,teams.exe,26.9,302.15,0,0,0,0,0.0
2025-01-05 02:15:00,10288,heidi,kl_service.exe,4.81,142.9,1,1,1,1,
2025-01-14 16:58:00,10289,bob,kl_service.exe,8.71,148.7,1,0,0,0,
2025-01-22 08:26:00,10290,grace,word.exe,21.46,167.9,0,1,0,0,0.0
2025-01-23 11:12:00,10291,bob,firefox.exe,14.81,183.5,0,1,0,0,
2025-01-28 15:10:00,10292,grace,python.exe,4.89,471.9,0,0,0,0,
2025-01-30 02:39:00,10293,alice,notepad.exe,15.16,399.4,0,0,0,0,
2025-01-04 21:20:00,10294,grace,keylog.exe,8.5,87.8,1,1,1,1,
2025-01-21 05:24:00,10295,eve,word.exe,14.32,325.1,0,1,0,0,
2025-01-20 04:43:00,10296,charlie,vscode.exe,10.04,165.2,0,0,1,0,0.0
2025-01-29 07:24:00,10297,heidi,outlook.exe,32.43,281.7,0,0,0,0,0.0
2025-01-07 06:07:00,10298,eve,python.exe,45.31,302.15,0,0,0,0,
2025-01-26 23:30:00,10299,charlie,explorer.exe,20.7,230.1,0,0,0,0,
2025-01-29 02:07:00,10300,diana,notepad.exe,8.86,394.8,0,0,1,0,
2025-01-06 16:48:00,10301,eve,python.exe,25.17,458.8,0,0,0,0,
2025-01-13 21:49:00,10302,diana,explorer.exe,10.61,612.1,0,0,0,0,
2025-01-13 02:53:00,10303,bob,spotify.exe,20.27,207.9,0,0,0,0,
2025-01-26 03:32:00,10304,bob,teams.exe,24.75,606.9,0,0,0,0,0.0
2025-01-23 15:55:00,10305,alice,teams.exe,0.33,556.1,0,0,1,0,
2025-01-24 11:48:00,10306,grace,spotify.exe,25.17,540.9,0,1,0,0,
2025-01-13 23:51:00,10307,eve,vscode.exe,31.77,242.7,0,0,0,0,0.0
2025-01-03 09:00:00,10308,diana,outlook.exe,23.79,248.1,1,0,1,0,
2025-01-22 16:16:00,10309,charlie,notepad.exe,30.13,468.6,0,1,0,0,0.0
2025-01-01 05:01:00,10310,bob,vscode.exe,15.11,287.0,0,1,1,0,
2025-01-01 11:39:00,10311,grace,excel.exe,27.83,117.9,0,0,0,0,
2025-01-01 03:10:00,10312,bob,excel.exe,7.79,379.6,0,1,0,0,
2025-01-08 06:52:00,10313,charlie,explorer.exe,27.81,419.2,0,0,0,0,
2025-01-25 19:43:00,10314,grace,explorer.exe,20.3,236.2,0,0,0,0,
2025-01-05 05:42:00,10315,grace,excel.exe,22.71,417.0,0,0,1,0,0.0
2025-01-14 17:38:00,10316,diana,spotify.exe,22.91,323.0,0,1,0,0,
2025-01-19 12:01:00,10317,diana,python.exe,3.26,557.0,0,1,0,0,
2025-01-25 00:24:00,10318,eve,excel.exe,20.01,248.1,0,0,0,0,0.0
2025-01-23 17:45:00,10319,eve,teams.exe,23.84,502.7,0,0,0,0,0.0
2025-01-17 00:53:00,10320,frank,vscode.exe,21.4,254.1,0,1,0,0,0.0
2025-01-01 09:29:00,10321,heidi,python.exe,16.14,552.4,0,0,0,0,0.0
2025-01-27 12:50:00,10322,frank,excel.exe,25.05,294.2,0,0,0,0,
2025-01-25 01:43:00,10323,alice,spotify.exe,0.18,464.0,0,0,0,0,
2025-01-26 10:31:00,10324,bob,keylog.exe,4.39,86.8,1,1,0,1,
2025-01-06 04:15:00,10325,eve,chrome.exe,22.88,299.5,0,1,0,0,
2025-01-03 18:54:00,10326,diana,keylog.exe,7.02,167.5,1,1,1,1,
2025-01-08 16:53:00,10327,charlie,firefox.exe,26.67,387.7,0,0,0,0,
2025-01-13 13:10:00,10328,diana,keylog.exe,5.1,108.8,1,1,1,1,1.0
2025-01-25 20:17:00,10329,bob,spotify.exe,14.87,334.1,0,0,0,0,
2025-01-12 11:38:00,10330,frank,word.exe,13.7,506.8,0,1,0,0,
2025-01-08 10:49:00,10331,diana,teams.exe,33.42,196.8,1,0,0,0,0.0
2025-01-24 17:37:00,10332,heidi,discord.exe,16.38,265.0,0,0,0,0,0.0
2025-01-01 13:04:00,10333,alice,kl_service.exe,12.21,101.5,1,1,1,1,
2025-01-20 06:31:00,10334,bob,teams.exe,9.54,105.3,0,0,0,0,
2025-01-29 09:04:00,10335,frank,word.exe,16.49,245.8,0,0,0,0,
2025-01-29 00:08:00,10336,heidi,word.exe,34.95,263.2,0,0,0,0,
2025-01-09 16:53:00,10337,charlie,teams.exe,16.37,135.8,0,0,0,0,
2025-01-28 20:31:00,10338,frank,vscode.exe,23.54,293.9,0,0,0,0,
2025-01-28 18:14:00,10339,grace,hid_hook.exe,12.46,211.5,1,0,0,0,1.0
2025-01-05 00:41:00,10340,heidi,firefox.exe,40.48,515.9,0,0,0,0,
2025-01-14 07:50:00,10341,heidi,syskey32.exe,9.09,77.8,1,1,1,1,
2025-01-27 21:54:00,10342,alice,outlook.exe,29.96,241.4,1,0,0,0,
2025-01-21 13:12:00,10343,bob,kl_service.exe,2.97,102.8,1,1,1,1,
2025-01-08 09:27:00,10344,charlie,chrome.exe,25.41,201.8,0,1,1,0,
2025-01-07 01:16:00,10345,alice,firefox.exe,10.0,314.4,0,0,0,0,
2025-01-17 05:15:00,10346,frank,teams.exe,36.33,488.1,0,1,0,0,
2025-01-16 06:49:00,10347,alice,firefox.exe,41.47,642.7,0,1,1,0,
2025-01-17 22:16:00,10348,heidi,kl_service.exe,12.41,155.1,1,0,0,0,
2025-01-04 07:40:00,10349,bob,teams.exe,32.1,228.6,0,0,0,0,
2025-01-02 15:28:00,10350,eve,explorer.exe,11.14,525.9,0,0,0,0,
2025-01-09 08:39:00,10351,alice,notepad.exe,0.0,348.3,0,0,0,0,
2025-01-05 14:55:00,10352,grace,outlook.exe,6.43,236.3,0,1,0,0,0.0
2025-01-29 10:21:00,10353,alice,outlook.exe,37.99,384.0,0,1,0,0,
2025-01-04 02:55:00,10354,frank,outlook.exe,14.47,306.8,0,0,0,0,0.0
2025-01-08 13:33:00,10355,frank,excel.exe,37.32,400.7,0,1,0,0,0.0
2025-01-18 17:47:00,10356,charlie,teams.exe,26.06,209.3,0,0,0,0,
2025-01-16 13:06:00,10357,charlie,teams.exe,43.13,350.0,0,1,0,0,
2025-01-10 07:23:00,10358,diana,keystreamer.exe,4.82,155.2,1,1,1,1,
2025-01-23 06:57:00,10359,bob,explorer.exe,11.76,362.8,0,0,0,0,0.0
2025-01-10 02:41:00,10360,bob,spotify.exe,45.65,347.1,0,0,0,0,
2025-01-08 14:46:00,10361,eve,chrome.exe,13.61,524.4,1,0,0,0,
2025-01-24 08:21:00,10362,eve,vscode.exe,29.52,378.0,1,1,0,0,0.0
2025-01-20 15:52:00,10363,bob,vscode.exe,27.14,361.6,0,0,1,0,
2025-01-16 17:57:00,10364,grace,teams.exe,10.26,349.7,0,0,0,0,
2025-01-22 17:29:00,10365,eve,discord.exe,40.16,572.2,1,0,0,0,
2025-01-22 13:04:00,10366,charlie,vscode.exe,51.33,268.7,0,0,0,0,
2025-01-30 15:15:00,10367,frank,chrome.exe,23.3,287.3,0,0,0,0,
2025-01-04 07:37:00,10368,bob,kl_service.exe,13.53,91.8,0,1,1,0,
2025-01-21 15:49:00,10369,heidi,vscode.exe,21.11,338.7,0,0,0,0,
2025-01-11 15:38:00,10370,eve,keystreamer.exe,19.36,99.8,1,1,0,0,1.0
2025-01-02 17:31:00,10371,bob,spotify.exe,40.5,113.1,0,0,0,0,
2025-01-19 21:56:00,10372,diana,word.exe,26.78,276.6,0,1,0,0,
2025-01-11 03:19:00,10373,alice,notepad.exe,19.9,189.5,0,0,0,0,
2025-01-14 13:08:00,10374,frank,syskey32.exe,9.82,131.3,1,1,0,1,
2025-01-03 02:51:00,10375,bob,outlook.exe,25.03,557.7,0,0,0,0,
2025-01-16 00:06:00,10376,alice,vscode.exe,20.67,368.2,0,0,1,0,
2025-01-16 01:39:00,10377,eve,python.exe,38.8,433.1,0,0,0,0,0.0
2025-01-01 14:36:00,10378,alice,spotify.exe,15.79,267.8,0,0,1,0,0.0
2025-01-23 06:53:00,10379,frank,explorer.exe,20.6,141.1,0,0,1,0,
2025-01-03 21:02:00,10380,bob,explorer.exe,24.1,149.5,0,0,1,0,0.0
2025-01-11 13:22:00,10381,diana,discord.exe,20.9,337.9,0,0,0,0,
2025-01-28 14:14:00,10382,grace,vscode.exe,33.64,169.3,0,0,1,0,0.0
2025-01-05 21:59:00,10383,eve,vscode.exe,9.87,272.7,0,0,0,0,
2025-01-06 13:07:00,10384,bob,discord.exe,18.08,318.0,0,0,0,0,
2025-01-28 11:27:00,10385,frank,spotify.exe,18.12,567.1,0,0,0,0,
2025-01-21 02:20:00,10386,eve,spotify.exe,16.05,439.3,0,1,0,0,
2025-01-26 20:33:00,10387,charlie,spotify.exe,14.74,473.9,0,0,0,0,
2025-01-12 19:39:00,10388,alice,teams.exe,12.45,413.7,0,0,0,0,0.0
2025-01-13 13:17:00,10389,grace,spotify.exe,18.045,445.0,0,0,0,0,
2025-01-19 05:38:00,10390,frank,excel.exe,38.42,174.7,0,1,0,0,
2025-01-15 16:16:00,10391,charlie,outlook.exe,8.72,435.9,0,0,0,0,
2025-01-06 18:31:00,10392,heidi,syskey32.exe,0.0,141.7,1,0,1,0,0.0
2025-01-12 22:54:00,10393,bob,python.exe,0.0,259.2,0,0,1,0,0.0
2025-01-10 18:58:00,10394,diana,firefox.exe,0.0,345.2,0,0,1,0,0.0
2025-01-20 14:51:00,10395,eve,discord.exe,11.33,556.7,0,0,0,0,
2025-01-27 08:25:00,10396,alice,vscode.exe,33.23,377.7,0,1,0,0,
2025-01-19 00:25:00,10397,eve,excel.exe,15.13,231.5,0,0,0,0,
2025-01-18 13:56:00,10398,grace,excel.exe,17.34,409.9,0,0,0,0,
2025-01-23 08:57:00,10399,bob,firefox.exe,38.04,527.4,0,0,0,0,
2025-01-06 18:28:00,10400,eve,syskey32.exe,13.32,148.1,1,1,0,1,
2025-01-05 03:09:00,10401,alice,keycap.exe,9.68,108.6,1,1,1,1,
2025-01-01 19:10:00,10402,bob,keycap.exe,11.5,107.8,1,1,1,1,
2025-01-17 15:04:00,10403,eve,notepad.exe,28.72,378.1,0,1,0,0,
2025-01-25 02:19:00,10404,diana,vscode.exe,21.1,422.8,0,0,0,0,
2025-01-07 09:24:00,10405,frank,explorer.exe,11.99,464.6,0,0,0,0,
2025-01-01 18:01:00,10406,bob,keylog.exe,0.46,62.2,1,0,1,0,
2025-01-21 08:25:00,10407,frank,kl_service.exe,6.11,155.9,1,0,0,0,1.0
2025-01-12 17:36:00,10408,heidi,vscode.exe,16.85,482.5,0,0,0,0,
2025-01-06 10:05:00,10409,bob,explorer.exe,12.02,333.6,0,0,0,0,
2025-01-04 15:17:00,10410,diana,explorer.exe,34.35,480.8,0,0,0,0,
2025-01-14 22:16:00,10411,frank,excel.exe,28.47,496.8,0,1,0,0,
2025-01-03 07:43:00,10412,charlie,outlook.exe,26.55,406.7,0,0,0,0,0.0
2025-01-10 09:00:00,10413,alice,chrome.exe,3.37,484.7,0,0,0,0,
2025-01-21 09:35:00,10414,charlie,firefox.exe,33.96,240.6,0,0,0,0,0.0
2025-01-07 17:02:00,10415,eve,keylog.exe,8.94,36.3,1,1,1,1,
2025-01-12 18:44:00,10416,diana,spotify.exe,19.82,334.0,0,0,0,0,
2025-01-06 15:30:00,10417,charlie,word.exe,11.89,410.5,0,1,1,0,
2025-01-14 13:31:00,10418,bob,spotify.exe,21.97,353.2,0,0,0,0,0.0
2025-01-02 03:59:00,10419,eve,keylog.exe,10.39,154.0,1,1,1,1,
2025-01-03 10:26:00,10420,eve,kl_service.exe,2.82,175.4,1,1,1,1,
2025-01-10 05:24:00,10421,charlie,chrome.exe,37.03,282.8,0,0,0,0,
2025-01-06 00:53:00,10422,heidi,python.exe,20.86,355.2,0,1,1,0,0.0
2025-01-14 06:48:00,10423,charlie,firefox.exe,24.98,106.2,1,1,1,0,
2025-01-20 09:32:00,10424,heidi,keycap.exe,9.56,114.0,1,0,0,0,
2025-01-07 13:15:00,10425,diana,outlook.exe,12.62,236.0,0,0,0,0,
2025-01-10 05:36:00,10426,alice,spotify.exe,26.63,342.6,0,0,0,0,
2025-01-22 03:25:00,10427,charlie,chrome.exe,9.32,191.2,1,0,0,0,
2025-01-10 04:45:00,10428,grace,excel.exe,20.89,156.4,0,0,0,0,
2025-01-21 05:24:00,10429,heidi,excel.exe,20.03,381.8,0,0,0,0,
2025-01-21 18:19:00,10430,charlie,teams.exe,41.7,463.0,0,0,0,0,
2025-01-25 11:27:00,10431,frank,excel.exe,23.96,170.7,0,0,0,0,
2025-01-21 07:02:00,10432,bob,spotify.exe,32.82,509.0,1,0,0,0,
2025-01-19 04:51:00,10433,grace,spotify.exe,21.46,377.4,0,0,0,0,
2025-01-26 20:20:00,10434,grace,spotify.exe,41.96,381.6,0,0,0,0,
2025-01-19 12:06:00,10435,heidi,vscode.exe,5.18,548.0,0,0,0,0,0.0
2025-01-27 20:09:00,10436,frank,notepad.exe,12.62,196.3,0,0,0,0,
2025-01-17 00:09:00,10437,frank,outlook.exe,0.0,10.0,0,0,0,0,
2025-01-10 18:29:00,10438,eve,vscode.exe,8.68,522.1,0,0,0,0,
2025-01-23 15:00:00,10439,heidi,excel.exe,24.58,135.3,0,0,0,0,
2025-01-23 02:43:00,10440,alice,notepad.exe,25.83,598.0,0,0,0,0,
2025-01-02 23:29:00,10441,bob,firefox.exe,6.51,414.4,0,0,0,0,
2025-01-28 21:18:00,10442,diana,syskey32.exe,6.8,36.5,1,1,1,1,
2025-01-17 04:09:00,10443,grace,vscode.exe,35.3,412.7,0,0,0,0,0.0
2025-01-25 11:37:00,10444,diana,notepad.exe,12.4,63.8,0,1,0,0,
2025-01-07 19:43:00,10445,charlie,word.exe,15.2,358.3,0,0,0,0,0.0
2025-01-30 03:35:00,10446,charlie,keystreamer.exe,4.29,184.6,1,1,1,1,1.0
2025-01-07 15:00:00,10447,diana,outlook.exe,16.39,347.7,0,0,0,0,
2025-01-12 08:44:00,10448,charlie,spotify.exe,33.4,341.1,1,0,0,0,
2025-01-04 04:51:00,10449,alice,firefox.exe,14.46,335.0,0,0,0,0,
2025-01-20 05:03:00,10450,frank,chrome.exe,27.69,241.9,0,0,0,0,0.0
2025-01-27 20:06:00,10451,charlie,teams.exe,22.32,460.0,0,0,0,0,
2025-01-22 12:17:00,10452,eve,hid_hook.exe,5.02,10.0,0,1,0,0,1.0
2025-01-21 06:08:00,10453,charlie,outlook.exe,8.12,488.6,0,0,0,0,
2025-01-18 16:31:00,10454,bob,vscode.exe,29.56,68.5,0,0,0,0,0.0
2025-01-16 18:07:00,10455,alice,spotify.exe,1.73,379.0,0,1,0,0,
2025-01-01 14:11:00,10456,bob,keystreamer.exe,13.17,170.6,0,1,0,0,
2025-01-13 13:11:00,10457,bob,hid_hook.exe,10.84,302.15,1,1,1,1,
2025-01-05 17:53:00,10458,eve,discord.exe,31.8,439.2,0,0,0,0,
2025-01-09 06:58:00,10459,alice,excel.exe,19.05,479.2,0,1,0,0,
2025-01-25 10:35:00,10460,alice,notepad.exe,14.83,375.3,0,1,0,0,
2025-01-19 03:44:00,10461,heidi,excel.exe,0.0,255.5,0,0,0,0,
2025-01-03 18:40:00,10462,alice,python.exe,10.18,379.8,0,0,1,0,
2025-01-04 12:12:00,10463,alice,spotify.exe,15.75,112.9,0,1,0,0,
2025-01-25 15:46:00,10464,alice,excel.exe,32.71,390.8,0,0,0,0,
2025-01-20 11:54:00,10465,eve,firefox.exe,41.18,470.3,1,1,0,0,
2025-01-27 11:55:00,10466,charlie,explorer.exe,10.6,320.2,0,0,0,0,
2025-01-29 07:30:00,10467,heidi,keystreamer.exe,8.96,177.2,1,1,1,1,
2025-01-23 10:40:00,10468,bob,hid_hook.exe,13.33,103.9,1,0,0,0,1.0
2025-01-27 14:24:00,10469,alice,vscode.exe,31.0,391.9,0,1,0,0,
2025-01-03 17:13:00,10470,grace,python.exe,2.66,233.1,0,0,0,0,
2025-01-13 02:50:00,10471,charlie,teams.exe,20.88,313.1,0,0,0,0,
2025-01-17 17:47:00,10472,charlie,discord.exe,26.78,415.6,0,1,1,0,0.0
2025-01-15 10:04:00,10473,bob,chrome.exe,19.53,464.0,0,0,0,0,
2025-01-15 05:31:00,10474,eve,spotify.exe,28.7,323.9,0,0,0,0,
2025-01-27 17:34:00,10475,diana,discord.exe,11.64,106.6,0,1,0,0,
2025-01-03 08:13:00,10476,diana,firefox.exe,4.7,271.4,0,0,0,0,
2025-01-09 10:41:00,10477,charlie,outlook.exe,35.75,233.4,0,0,0,0,0.0
2025-01-23 05:16:00,10478,frank,notepad.exe,19.09,66.5,0,0,0,0,
2025-01-19 20:02:00,10479,frank,outlook.exe,35.25,259.8,0,0,0,0,
2025-01-25 04:50:00,10480,bob,spotify.exe,18.62,364.8,0,0,0,0,
2025-01-19 23:50:00,10481,diana,firefox.exe,28.67,26.7,0,0,0,0,
2025-01-20 01:52:00,10482,charlie,notepad.exe,31.49,411.7,0,1,1,0,
2025-01-20 23:21:00,10483,eve,keycap.exe,10.63,96.1,1,0,0,0,
2025-01-18 14:31:00,10484,diana,word.exe,27.31,499.5,0,0,0,0,0.0
2025-01-17 01:32:00,10485,charlie,teams.exe,14.83,276.8,0,0,0,0,0.0
2025-01-11 15:05:00,10486,charlie,python.exe,21.14,253.5,0,0,0,0,
2025-01-07 19:37:00,10487,alice,word.exe,11.84,262.3,0,1,1,0,
2025-01-08 19:41:00,10488,eve,vscode.exe,21.14,458.7,0,0,0,0,
2025-01-01 06:57:00,10489,alice,keylog.exe,12.48,121.1,1,0,1,0,
2025-01-29 20:56:00,10490,bob,discord.exe,33.67,367.7,0,0,0,0,0.0
2025-01-15 03:18:00,10491,alice,vscode.exe,12.47,372.4,0,0,0,0,
2025-01-03 06:27:00,10492,grace,spotify.exe,21.02,513.6,0,0,0,0,0.0
2025-01-12 22:49:00,10493,alice,chrome.exe,22.55,433.8,0,0,0,0,0.0
2025-01-17 16:52:00,10494,grace,teams.exe,27.37,303.8,0,0,1,0,0.0
2025-01-27 17:53:00,10495,diana,keystreamer.exe,9.22,43.9,1,1,1,1,
2025-01-19 02:52:00,10496,frank,notepad.exe,24.13,35.0,0,1,0,0,
2025-01-08 20:58:00,10497,heidi,word.exe,23.97,679.4,0,0,0,0,
2025-01-01 06:52:00,10498,heidi,firefox.exe,18.29,112.4,0,1,0,0,
2025-01-06 05:43:00,10499,charlie,notepad.exe,17.43,431.9,0,0,1,0,
2025-01-29 00:35:00,10500,heidi,notepad.exe,30.65,300.8,0,1,0,0,
2025-01-24 06:16:00,10501,grace,teams.exe,18.73,386.5,0,0,1,0,0.0
2025-01-17 08:28:00,10502,eve,notepad.exe,21.18,404.6,0,0,0,0,0.0
2025-01-20 00:24:00,10503,alice,teams.exe,17.75,506.1,0,0,1,0,
2025-01-27 21:56:00,10504,grace,python.exe,33.51,435.6,0,0,0,0,0.0
2025-01-14 02:48:00,10505,eve,excel.exe,15.2,182.0,1,0,0,0,0.0
2025-01-25 19:35:00,10506,frank,keylog.exe,2.29,121.4,1,0,0,0,1.0
2025-01-13 03:46:00,10507,heidi,teams.exe,8.35,216.1,0,0,0,0,
2025-01-15 05:03:00,10508,frank,outlook.exe,29.75,158.8,0,0,1,0,
2025-01-13 11:15:00,10509,heidi,notepad.exe,33.24,261.6,0,1,0,0,0.0
2025-01-27 06:41:00,10510,alice,teams.exe,23.93,211.6,0,0,0,0,
2025-01-04 13:04:00,10511,bob,excel.exe,0.0,302.4,0,0,0,0,0.0
2025-01-25 05:51:00,10512,alice,python.exe,21.43,283.3,0,0,0,0,0.0
2025-01-17 02:30:00,10513,diana,hid_hook.exe,2.5,114.6,1,1,0,1,
2025-01-06 02:37:00,10514,grace,outlook.exe,25.07,469.4,0,0,1,0,0.0
2025-01-23 13:19:00,10515,charlie,chrome.exe,15.69,354.9,0,0,0,0,
2025-01-26 03:28:00,10516,bob,python.exe,24.3,216.0,0,0,0,0,
2025-01-14 23:50:00,10517,alice,outlook.exe,26.56,262.7,0,0,0,0,
2025-01-04 22:04:00,10518,eve,python.exe,13.76,135.1,0,0,0,0,0.0
2025-01-03 00:34:00,10519,bob,python.exe,19.14,163.8,0,0,0,0,
2025-01-15 19:52:00,10520,grace,outlook.exe,31.16,426.7,0,0,1,0,0.0
2025-01-10 23:57:00,10521,heidi,syskey32.exe,22.82,173.8,1,0,1,0,
2025-01-29 20:35:00,10522,bob,teams.exe,28.49,481.4,0,0,1,0,
2025-01-01 12:08:00,10523,charlie,notepad.exe,13.67,120.5,0,1,0,0,
2025-01-01 11:38:00,10524,grace,explorer.exe,35.5,539.8,0,0,0,0,
2025-01-28 17:54:00,10525,alice,outlook.exe,27.15,242.5,0,0,1,0,
2025-01-10 16:03:00,10526,grace,firefox.exe,16.4,123.1,0,1,0,0,0.0
2025-01-12 15:39:00,10527,bob,word.exe,30.64,147.5,0,0,0,0,0.0
2025-01-06 03:20:00,10528,eve,firefox.exe,24.41,302.1,0,0,0,0,
2025-01-17 23:46:00,10529,frank,keystreamer.exe,3.17,106.7,1,0,1,0,
2025-01-26 15:39:00,10530,bob,word.exe,3.38,449.3,0,0,0,0,
2025-01-04 00:40:00,10531,grace,notepad.exe,25.84,449.7,0,0,0,0,
2025-01-25 11:50:00,10532,frank,vscode.exe,8.24,419.9,0,1,0,0,0.0
2025-01-12 21:01:00,10533,grace,excel.exe,34.81,433.1,0,0,0,0,
2025-01-23 10:27:00,10534,eve,teams.exe,7.67,392.9,0,0,0,0,
2025-01-04 19:26:00,10535,grace,notepad.exe,29.98,235.3,0,0,0,0,
2025-01-06 18:55:00,10536,alice,firefox.exe,15.91,71.1,0,1,0,0,0.0
2025-01-15 20:04:00,10537,charlie,spotify.exe,20.1,537.9,0,0,0,0,
2025-01-26 20:59:00,10538,heidi,kl_service.exe,7.75,144.5,0,1,0,0,
2025-01-17 08:56:00,10539,heidi,discord.exe,32.01,74.2,0,1,0,0,0.0
2025-01-22 23:47:00,10540,bob,syskey32.exe,5.56,173.7,1,1,1,1,
2025-01-08 17:30:00,10541,charlie,notepad.exe,21.36,302.15,0,0,0,0,
2025-01-16 06:12:00,10542,grace,chrome.exe,30.91,254.4,0,0,0,0,0.0
2025-01-29 01:39:00,10543,eve,teams.exe,0.15,260.3,0,0,0,0,
2025-01-01 19:27:00,10544,bob,chrome.exe,16.25,694.0,1,0,0,0,
2025-01-19 21:12:00,10545,grace,kl_service.exe,15.25,48.7,1,1,1,0,
2025-01-01 17:42:00,10546,frank,explorer.exe,19.07,415.1,0,0,0,0,0.0
2025-01-13 21:00:00,10547,diana,teams.exe,19.47,330.0,0,0,0,0,
2025-01-17 20:04:00,10548,grace,vscode.exe,4.2,366.9,0,1,0,0,
2025-01-15 23:05:00,10549,charlie,vscode.exe,7.88,623.1,0,1,0,0,
2025-01-16 01:29:00,10550,bob,vscode.exe,37.15,481.5,0,0,0,0,
2025-01-08 18:14:00,10551,charlie,word.exe,12.77,432.1,0,1,0,0,
2025-01-16 22:05:00,10552,bob,keystreamer.exe,8.49,103.1,1,1,0,1,
2025-01-27 00:57:00,10553,grace,chrome.exe,41.62,546.8,0,0,0,0,
2025-01-07 11:48:00,10554,alice,keystreamer.exe,0.0,87.2,1,1,1,1,
2025-01-17 11:14:00,10555,frank,vscode.exe,7.29,543.0,0,1,0,0,
2025-01-27 11:02:00,10556,grace,python.exe,29.62,235.8,0,0,0,0,0.0
2025-01-07 04:44:00,10557,heidi,chrome.exe,5.73,412.2,0,1,0,0,
2025-01-26 18:18:00,10558,charlie,python.exe,22.5,279.1,0,1,0,0,
2025-01-17 22:34:00,10559,diana,kl_service.exe,0.0,10.0,1,0,1,0,
2025-01-05 17:21:00,10560,diana,excel.exe,31.53,570.0,0,0,0,0,
2025-01-27 02:54:00,10561,eve,excel.exe,24.19,436.9,0,0,0,0,
2025-01-05 16:11:00,10562,bob,keylog.exe,4.54,154.4,1,1,1,1,
2025-01-17 09:45:00,10563,charlie,explorer.exe,18.12,337.9,0,0,0,0,
2025-01-13 00:57:00,10564,eve,explorer.exe,27.76,191.7,0,1,0,0,
2025-01-25 12:27:00,10565,charlie,outlook.exe,22.26,208.0,0,0,0,0,
2025-01-05 21:36:00,10566,heidi,excel.exe,13.91,238.4,0,0,0,0,0.0
2025-01-08 23:56:00,10567,bob,outlook.exe,9.33,509.8,0,0,0,0,
2025-01-02 01:42:00,10568,grace,discord.exe,28.12,540.9,0,0,0,0,
2025-01-16 01:17:00,10569,grace,vscode.exe,22.77,179.2,0,0,0,0,
2025-01-28 03:21:00,10570,diana,outlook.exe,27.88,432.1,0,1,0,0,
2025-01-20 03:29:00,10571,grace,vscode.exe,0.0,512.6,0,0,1,0,0.0
2025-01-17 04:42:00,10572,grace,explorer.exe,30.67,366.8,1,0,0,0,
2025-01-14 05:45:00,10573,heidi,keycap.exe,10.67,170.8,0,1,1,0,1.0
2025-01-13 10:44:00,10574,alice,vscode.exe,23.62,332.2,0,0,0,0,0.0
2025-01-16 15:56:00,10575,diana,notepad.exe,25.47,214.9,0,0,0,0,
2025-01-19 17:22:00,10576,eve,chrome.exe,11.58,364.7,0,0,0,0,
2025-01-20 15:35:00,10577,frank,discord.exe,27.24,366.5,0,0,0,0,
2025-01-10 14:07:00,10578,alice,keycap.exe,9.31,171.2,1,1,1,1,
2025-01-30 09:48:00,10579,eve,kl_service.exe,4.15,127.4,1,0,1,0,
2025-01-19 08:32:00,10580,bob,python.exe,21.71,530.4,0,0,0,0,
2025-01-13 07:49:00,10581,alice,spotify.exe,23.59,388.2,0,0,0,0,
2025-01-29 18:59:00,10582,heidi,firefox.exe,11.39,271.9,0,0,0,0,
2025-01-19 05:36:00,10583,eve,syskey32.exe,4.25,17.8,1,1,0,1,
2025-01-28 23:02:00,10584,bob,vscode.exe,18.0,377.3,0,0,0,0,
2025-01-26 18:00:00,10585,diana,spotify.exe,29.91,229.4,0,0,0,0,
2025-01-01 22:04:00,10586,frank,keystreamer.exe,1.47,105.1,1,0,1,0,
2025-01-18 20:51:00,10587,bob,teams.exe,30.16,320.2,0,0,0,0,
2025-01-25 22:29:00,10588,grace,spotify.exe,24.57,612.1,0,0,0,0,
2025-01-17 12:43:00,10589,charlie,outlook.exe,0.0,363.9,0,1,0,0,
2025-01-14 19:10:00,10590,bob,spotify.exe,40.12,547.3,0,0,0,0,0.0
2025-01-25 00:18:00,10591,bob,explorer.exe,15.26,421.9,0,0,0,0,0.0
2025-01-05 13:48:00,10592,frank,explorer.exe,28.55,231.0,0,0,0,0,
2025-01-27 10:29:00,10593,charlie,python.exe,18.69,390.3,0,0,0,0,
2025-01-19 14:30:00,10594,grace,teams.exe,25.74,142.7,0,0,0,0,0.0
2025-01-18 13:29:00,10595,eve,chrome.exe,58.92,554.0,0,1,0,0,0.0
2025-01-20 13:38:00,10596,eve,kl_service.exe,3.01,119.9,1,1,1,1,
2025-01-20 22:30:00,10597,bob,keystreamer.exe,10.23,80.1,1,1,1,1,
2025-01-11 18:05:00,10598,heidi,outlook.exe,23.45,424.5,0,0,0,0,0.0
2025-01-15 08:12:00,10599,heidi,python.exe,12.14,167.1,0,1,1,0,
2025-01-04 07:08:00,10600,charlie,word.exe,30.05,440.6,0,0,0,0,0.0
2025-01-15 17:53:00,10601,charlie,vscode.exe,37.17,292.6,0,0,1,0,
2025-01-07 13:15:00,10602,grace,keystreamer.exe,14.66,26.9,0,0,0,0,
2025-01-03 13:49:00,10603,frank,kl_service.exe,2.93,302.15,0,1,1,0,
2025-01-22 01:55:00,10604,diana,firefox.exe,29.05,562.1,0,1,0,0,
2025-01-10 02:36:00,10605,eve,notepad.exe,10.28,169.0,0,1,0,0,
2025-01-18 16:30:00,10606,frank,hid_hook.exe,6.16,106.2,1,0,0,0,
2025-01-30 09:44:00,10607,alice,outlook.exe,17.38,482.1,0,0,0,0,0.0
2025-01-30 19:18:00,10608,eve,firefox.exe,38.78,589.5,0,1,0,0,
2025-01-28 06:58:00,10609,frank,outlook.exe,8.56,324.0,0,0,0,0,
2025-01-30 19:56:00,10610,eve,keylog.exe,7.38,135.5,1,1,0,1,
2025-01-11 04:43:00,10611,diana,spotify.exe,22.57,324.0,0,0,0,0,
2025-01-01 08:24:00,10612,alice,notepad.exe,15.87,521.1,0,0,0,0,0.0
2025-01-24 14:22:00,10613,heidi,vscode.exe,0.0,442.1,0,0,0,0,0.0
2025-01-24 19:39:00,10614,heidi,chrome.exe,45.06,251.4,0,0,0,0,
2025-01-20 10:56:00,10615,diana,chrome.exe,30.54,816.9,0,1,0,0,0.0
2025-01-17 15:20:00,10616,grace,keystreamer.exe,11.66,56.3,1,1,1,1,
2025-01-24 07:51:00,10617,alice,spotify.exe,41.18,460.0,0,1,0,0,0.0
2025-01-13 00:32:00,10618,bob,kl_service.exe,2.93,87.1,1,1,0,1,1.0
2025-01-27 05:57:00,10619,frank,firefox.exe,22.17,160.7,0,0,0,0,
2025-01-02 11:05:00,10620,alice,discord.exe,43.62,381.9,0,0,0,0,
2025-01-26 06:35:00,10621,grace,keystreamer.exe,18.93,85.7,1,1,1,0,
2025-01-16 18:20:00,10622,grace,firefox.exe,31.74,556.8,0,0,0,0,
2025-01-25 01:00:00,10623,diana,outlook.exe,27.15,474.7,0,0,0,0,
2025-01-27 03:58:00,10624,eve,chrome.exe,21.23,297.0,0,0,0,0,
2025-01-15 06:39:00,10625,alice,notepad.exe,17.98,148.8,0,0,0,0,
2025-01-20 02:29:00,10626,frank,excel.exe,7.85,317.0,1,0,0,0,
2025-01-20 08:20:00,10627,alice,python.exe,21.26,99.0,0,1,0,0,0.0
2025-01-08 15:23:00,10628,charlie,spotify.exe,1.2,383.2,0,0,0,0,
2025-01-16 02:12:00,10629,eve,keycap.exe,4.32,118.7,1,0,1,0,1.0
2025-01-18 22:26:00,10630,frank,chrome.exe,14.32,372.1,0,0,0,0,
2025-01-22 01:54:00,10631,heidi,chrome.exe,12.8,360.2,0,0,0,0,
2025-01-10 14:43:00,10632,frank,python.exe,46.63,446.6,0,1,0,0,
2025-01-05 07:10:00,10633,bob,notepad.exe,50.07,299.9,0,0,0,0,0.0
2025-01-13 06:00:00,10634,diana,firefox.exe,15.86,234.3,0,1,0,0,
2025-01-27 16:13:00,10635,bob,chrome.exe,18.91,339.6,1,0,0,0,0.0
2025-01-30 09:56:00,10636,frank,chrome.exe,23.08,310.3,1,1,0,0,0.0
2025-01-29 08:21:00,10637,eve,explorer.exe,28.25,413.9,0,0,0,0,
2025-01-03 07:30:00,10638,alice,firefox.exe,30.93,558.0,0,0,0,0,
2025-01-14 06:07:00,10639,heidi,word.exe,16.9,508.7,1,0,0,0,
2025-01-29 18:30:00,10640,alice,discord.exe,13.32,349.9,0,0,0,0,0.0
2025-01-18 00:24:00,10641,eve,vscode.exe,11.57,348.4,1,0,0,0,
2025-01-05 22:34:00,10642,frank,hid_hook.exe,0.0,112.6,1,1,0,1,0.0
2025-01-10 06:03:00,10643,grace,chrome.exe,10.1,266.9,0,1,0,0,
2025-01-24 16:41:00,10644,alice,teams.exe,36.71,232.0,0,0,0,0,
2025-01-08 14:55:00,10645,grace,keylog.exe,7.0,138.4,1,1,1,1,
2025-01-08 15:43:00,10646,alice,chrome.exe,0.0,362.6,0,1,0,0,
2025-01-15 21:27:00,10647,alice,outlook.exe,32.91,578.9,0,0,0,0,0.0
2025-01-18 07:33:00,10648,heidi,notepad.exe,34.0,715.6,0,1,0,0,
2025-01-17 15:19:00,10649,diana,vscode.exe,14.4,437.9,0,0,0,0,0.0
2025-01-01 11:07:00,10650,diana,keylog.exe,5.43,60.1,1,1,1,1,
2025-01-21 15:03:00,10651,charlie,keycap.exe,6.16,110.8,1,0,1,0,1.0
2025-01-07 11:37:00,10652,bob,teams.exe,48.55,408.7,0,0,0,0,0.0
2025-01-26 08:07:00,10653,eve,vscode.exe,28.16,143.7,0,0,0,0,
2025-01-14 06:49:00,10654,eve,teams.exe,20.02,490.9,0,0,0,0,
2025-01-28 22:51:00,10655,eve,firefox.exe,12.19,179.9,0,0,0,0,0.0
2025-01-23 04:01:00,10656,charlie,chrome.exe,14.26,497.4,0,0,0,0,0.0
2025-01-24 03:07:00,10657,diana,chrome.exe,14.74,460.1,0,0,0,0,0.0
2025-01-19 23:55:00,10658,frank,discord.exe,26.22,428.6,0,1,0,0,
2025-01-27 04:52:00,10659,grace,excel.exe,12.69,361.8,0,0,0,0,
2025-01-04 08:35:00,10660,heidi,python.exe,35.45,271.4,0,0,0,0,
2025-01-14 23:59:00,10661,grace,teams.exe,26.43,415.2,0,0,0,0,
2025-01-27 22:50:00,10662,frank,teams.exe,16.83,300.8,0,0,0,0,
2025-01-28 20:00:00,10663,heidi,spotify.exe,38.8,302.15,0,0,0,0,
2025-01-27 10:48:00,10664,charlie,teams.exe,8.34,308.7,0,0,0,0,
2025-01-10 04:16:00,10665,frank,keycap.exe,13.42,130.5,1,0,1,0,
2025-01-25 16:27:00,10666,eve,notepad.exe,15.03,400.8,0,1,0,0,
2025-01-22 20:31:00,10667,bob,hid_hook.exe,2.97,71.2,1,0,1,0,0.0
2025-01-13 00:28:00,10668,alice,vscode.exe,50.84,415.5,0,0,0,0,
2025-01-20 02:52:00,10669,grace,teams.exe,1.58,265.8,0,0,0,0,0.0
2025-01-24 20:29:00,10670,diana,python.exe,47.96,521.7,0,0,0,0,
2025-01-04 23:13:00,10671,diana,firefox.exe,37.3,379.7,0,1,0,0,
2025-01-04 08:04:00,10672,charlie,chrome.exe,17.56,300.8,0,1,0,0,
2025-01-08 00:56:00,10673,heidi,explorer.exe,25.03,539.2,0,1,0,0,0.0
2025-01-01 00:09:00,10674,diana,syskey32.exe,6.19,94.8,1,1,0,1,
2025-01-14 08:55:00,10675,eve,spotify.exe,31.04,473.2,0,1,1,0,
2025-01-17 12:33:00,10676,grace,notepad.exe,18.01,506.6,1,0,0,0,
2025-01-21 12:28:00,10677,frank,explorer.exe,6.03,23.3,0,0,0,0,
2025-01-27 07:32:00,10678,eve,spotify.exe,5.07,470.5,0,1,0,0,
2025-01-01 16:55:00,10679,charlie,keystreamer.exe,4.48,88.7,0,0,1,0,0.0
2025-01-20 05:52:00,10680,eve,vscode.exe,24.5,241.5,1,0,0,0,
2025-01-25 06:41:00,10681,frank,firefox.exe,35.9,367.5,0,0,0,0,
2025-01-06 20:15:00,10682,bob,keylog.exe,12.63,115.4,1,1,0,1,
2025-01-17 13:13:00,10683,charlie,excel.exe,23.65,561.3,0,0,0,0,
2025-01-03 21:18:00,10684,bob,discord.exe,27.02,403.9,0,0,0,0,
2025-01-15 02:29:00,10685,alice,outlook.exe,38.42,253.1,0,0,0,0,
2025-01-05 20:10:00,10686,bob,keystreamer.exe,9.6,49.7,0,1,0,0,
2025-01-05 19:38:00,10687,alice,notepad.exe,26.61,485.2,0,1,0,0,
2025-01-15 16:48:00,10688,alice,keylog.exe,7.94,199.4,1,1,1,1,
2025-01-15 03:44:00,10689,bob,teams.exe,13.99,463.2,0,0,0,0,
2025-01-13 12:17:00,10690,charlie,teams.exe,36.21,505.4,0,0,1,0,
2025-01-08 04:24:00,10691,heidi,outlook.exe,42.88,243.3,0,1,0,0,
2025-01-28 19:14:00,10692,frank,teams.exe,33.76,410.0,0,0,0,0,
2025-01-07 01:02:00,10693,eve,teams.exe,23.98,142.7,0,0,0,0,0.0
2025-01-01 06:24:00,10694,eve,spotify.exe,15.93,526.5,0,0,0,0,
2025-01-01 06:44:00,10695,frank,explorer.exe,43.59,478.8,0,1,0,0,
2025-01-29 10:23:00,10696,grace,outlook.exe,39.35,200.1,0,0,0,0,
2025-01-21 06:29:00,10697,grace,spotify.exe,31.04,257.8,0,0,0,0,
2025-01-09 20:43:00,10698,alice,word.exe,31.0,222.5,0,1,0,0,
2025-01-13 18:24:00,10699,alice,spotify.exe,21.66,367.8,0,0,0,0,0.0
2025-01-23 15:26:00,10700,charlie,teams.exe,17.02,446.5,0,0,0,0,
2025-01-07 20:20:00,10701,diana,kl_service.exe,18.045,47.5,0,1,0,0,
2025-01-27 21:57:00,10702,bob,spotify.exe,20.63,498.2,0,0,0,0,
2025-01-11 11:46:00,10703,alice,python.exe,12.6,664.6,0,0,0,0,
2025-01-17 08:54:00,10704,eve,python.exe,18.045,187.4,0,0,0,0,
2025-01-17 08:04:00,10705,charlie,keylog.exe,13.84,83.8,1,1,1,1,
2025-01-03 12:36:00,10706,bob,discord.exe,21.91,380.3,0,0,0,0,
2025-01-08 13:56:00,10707,charlie,kl_service.exe,0.78,154.3,1,0,0,0,1.0
2025-01-04 08:09:00,10708,bob,spotify.exe,25.77,251.1,0,0,0,0,
2025-01-23 08:41:00,10709,bob,vscode.exe,25.24,292.6,0,1,0,0,0.0
2025-01-10 08:16:00,10710,frank,python.exe,10.76,172.4,0,0,0,0,0.0
2025-01-27 22:05:00,10711,alice,excel.exe,32.33,461.3,0,1,0,0,
2025-01-25 04:16:00,10712,heidi,firefox.exe,12.61,456.1,0,1,0,0,
2025-01-12 21:00:00,10713,charlie,chrome.exe,25.92,536.1,0,0,0,0,
2025-01-16 05:49:00,10714,heidi,vscode.exe,43.27,166.7,0,1,0,0,0.0
2025-01-04 03:44:00,10715,charlie,syskey32.exe,7.47,39.0,1,1,0,1,1.0
2025-01-27 05:04:00,10716,frank,explorer.exe,14.89,658.8,0,1,0,0,0.0
2025-01-30 17:03:00,10717,eve,outlook.exe,23.96,461.8,0,0,0,0,0.0
2025-01-19 12:17:00,10718,heidi,explorer.exe,30.58,439.1,0,1,0,0,0.0
2025-01-26 03:07:00,10719,eve,discord.exe,32.73,398.6,0,1,0,0,0.0
2025-01-06 00:39:00,10720,grace,word.exe,37.06,302.15,0,0,0,0,0.0
2025-01-11 01:29:00,10721,alice,discord.exe,27.31,356.8,0,1,0,0,
2025-01-30 22:45:00,10722,alice,notepad.exe,20.05,346.2,1,1,1,0,0.0
2025-01-20 19:38:00,10723,diana,notepad.exe,26.49,477.7,0,0,0,0,
2025-01-23 06:09:00,10724,frank,spotify.exe,55.15,117.0,0,0,0,0,
2025-01-26 18:51:00,10725,eve,outlook.exe,28.67,64.3,0,1,1,0,
2025-01-30 19:44:00,10726,bob,vscode.exe,16.62,167.8,0,0,0,0,
2025-01-06 20:27:00,10727,charlie,teams.exe,12.3,633.4,0,0,0,0,
2025-01-29 17:08:00,10728,alice,vscode.exe,7.05,428.4,0,0,0,0,
2025-01-17 20:45:00,10729,heidi,discord.exe,7.06,346.0,0,1,1,0,
2025-01-27 03:06:00,10730,charlie,firefox.exe,2.12,273.2,0,0,1,0,
2025-01-30 17:28:00,10731,charlie,explorer.exe,8.86,304.0,0,0,0,0,0.0
2025-01-16 22:08:00,10732,diana,teams.exe,23.29,302.2,0,1,0,0,0.0
2025-01-14 07:58:00,10733,eve,chrome.exe,28.9,269.6,0,0,0,0,
2025-01-14 17:18:00,10734,alice,notepad.exe,0.0,391.0,0,0,1,0,
2025-01-11 14:14:00,10735,charlie,spotify.exe,37.47,355.3,1,0,0,0,
2025-01-01 20:52:00,10736,alice,spotify.exe,9.49,127.0,1,1,0,1,0.0
2025-01-28 14:44:00,10737,bob,word.exe,18.045,314.3,0,1,0,0,
2025-01-09 10:53:00,10738,diana,word.exe,23.53,331.4,0,1,0,0,
2025-01-27 00:01:00,10739,bob,python.exe,18.045,389.0,0,0,0,0,
2025-01-19 12:58:00,10740,alice,explorer.exe,40.39,351.5,0,0,0,0,
2025-01-11 23:01:00,10741,grace,chrome.exe,37.63,216.7,0,0,0,0,
2025-01-10 01:31:00,10742,heidi,notepad.exe,8.56,510.4,0,1,0,0,
2025-01-28 12:49:00,10743,alice,word.exe,0.0,341.9,0,0,0,0,
2025-01-05 19:49:00,10744,eve,notepad.exe,31.52,411.5,0,0,0,0,
2025-01-30 08:49:00,10745,charlie,keycap.exe,8.89,62.3,1,1,1,1,1.0
2025-01-06 13:37:00,10746,charlie,kl_service.exe,1.12,111.1,1,1,0,1,
2025-01-05 19:41:00,10747,bob,word.exe,18.78,575.1,0,0,0,0,
2025-01-19 00:14:00,10748,heidi,spotify.exe,12.19,398.2,0,0,0,0,
2025-01-17 05:46:00,10749,diana,discord.exe,21.08,379.5,0,0,1,0,
2025-01-08 02:09:00,10750,grace,outlook.exe,35.21,292.9,0,0,0,0,
2025-01-13 07:15:00,10751,frank,word.exe,0.0,396.9,0,1,0,0,
2025-01-21 02:00:00,10752,heidi,keycap.exe,7.08,65.1,1,1,1,1,
2025-01-23 00:23:00,10753,charlie,chrome.exe,27.15,469.4,0,1,0,0,
2025-01-30 09:18:00,10754,eve,word.exe,29.75,185.1,0,1,0,0,0.0
2025-01-04 05:17:00,10755,heidi,keycap.exe,2.36,161.6,1,1,0,1,
2025-01-04 08:54:00,10756,bob,keycap.exe,7.66,198.4,1,0,1,0,
2025-01-30 22:08:00,10757,bob,vscode.exe,56.7,391.8,0,0,0,0,
2025-01-27 03:40:00,10758,frank,chrome.exe,2.35,271.8,0,1,0,0,
2025-01-28 15:31:00,10759,eve,keylog.exe,4.99,178.3,0,1,1,0,
2025-01-14 18:56:00,10760,diana,kl_service.exe,0.12,107.6,1,1,0,1,
2025-01-16 03:53:00,10761,heidi,kl_service.exe,19.04,90.3,1,1,1,0,
2025-01-14 20:43:00,10762,eve,excel.exe,22.95,307.4,0,1,0,0,
2025-01-26 15:32:00,10763,diana,outlook.exe,30.23,26.9,0,0,0,0,
2025-01-19 20:49:00,10764,eve,keystreamer.exe,19.53,109.5,1,0,1,0,
2025-01-06 12:21:00,10765,eve,vscode.exe,12.03,614.3,0,0,0,0,0.0
2025-01-10 23:48:00,10766,alice,keystreamer.exe,8.56,126.9,0,1,1,0,
2025-01-04 20:49:00,10767,bob,spotify.exe,32.36,375.7,0,0,0,0,0.0
2025-01-03 23:40:00,10768,heidi,keystreamer.exe,11.2,103.2,0,1,0,0,
2025-01-28 02:37:00,10769,eve,keycap.exe,7.71,142.3,1,1,0,1,
2025-01-26 09:46:00,10770,heidi,syskey32.exe,2.99,102.0,1,1,1,1,
2025-01-09 08:15:00,10771,frank,chrome.exe,23.95,191.4,0,1,0,0,
2025-01-05 08:14:00,10772,eve,keycap.exe,0.87,123.5,1,1,1,1,
2025-01-12 21:44:00,10773,charlie,keycap.exe,10.55,145.8,0,1,1,0,1.0
2025-01-17 19:34:00,10774,bob,vscode.exe,37.55,435.0,0,0,0,0,
2025-01-28 20:38:00,10775,charlie,word.exe,36.21,246.2,0,1,0,0,
2025-01-11 13:03:00,10776,heidi,discord.exe,0.0,380.3,0,1,0,0,
2025-01-05 07:58:00,10777,heidi,hid_hook.exe,8.9,106.4,1,1,1,1,
2025-01-05 05:30:00,10778,bob,chrome.exe,9.85,383.5,0,1,0,0,0.0
2025-01-09 01:57:00,10779,heidi,chrome.exe,30.87,542.0,0,1,1,0,
2025-01-16 13:35:00,10780,charlie,keystreamer.exe,1.52,87.1,1,1,1,1,
2025-01-17 17:11:00,10781,eve,outlook.exe,15.99,373.6,0,0,0,0,
2025-01-30 15:19:00,10782,eve,keycap.exe,16.43,88.1,0,1,1,0,
2025-01-29 15:20:00,10783,alice,syskey32.exe,9.17,84.1,1,0,0,0,
2025-01-13 16:31:00,10784,frank,discord.exe,11.26,509.4,0,0,0,0,0.0
2025-01-26 00:34:00,10785,heidi,hid_hook.exe,7.23,67.0,1,0,0,0,
2025-01-24 05:14:00,10786,charlie,python.exe,27.55,165.1,0,0,0,0,0.0
2025-01-03 21:48:00,10787,heidi,vscode.exe,28.2,415.6,1,0,0,0,0.0
2025-01-08 01:21:00,10788,heidi,excel.exe,35.08,264.3,0,0,0,0,0.0
2025-01-20 22:52:00,10789,diana,discord.exe,9.94,194.3,0,0,0,0,
2025-01-08 20:34:00,10790,alice,word.exe,17.64,135.1,0,0,0,0,
2025-01-17 15:14:00,10791,charlie,keystreamer.exe,5.03,79.7,0,1,0,0,
2025-01-15 22:28:00,10792,charlie,notepad.exe,22.51,102.1,0,1,0,0,
2025-01-16 06:09:00,10793,heidi,explorer.exe,23.11,115.3,0,0,0,0,0.0
2025-01-27 01:45:00,10794,alice,outlook.exe,43.41,401.0,0,1,0,0,
2025-01-26 11:08:00,10795,eve,outlook.exe,5.88,290.7,0,0,0,0,0.0
2025-01-17 00:21:00,10796,charlie,spotify.exe,0.0,229.8,0,1,0,0,0.0
2025-01-10 12:36:00,10797,eve,keycap.exe,2.8,119.2,1,0,1,0,
2025-01-28 14:29:00,10798,alice,notepad.exe,0.45,112.5,0,0,0,0,
2025-01-28 04:24:00,10799,eve,kl_service.exe,0.0,192.0,1,1,1,1,
2025-01-12 17:47:00,10800,bob,teams.exe,49.5,630.1,0,0,0,0,
2025-01-14 00:57:00,10801,diana,teams.exe,22.34,213.5,0,1,0,0,
2025-01-20 05:33:00,10802,grace,outlook.exe,36.93,390.8,0,0,0,0,
2025-01-30 19:28:00,10803,charlie,explorer.exe,1.6,340.0,0,1,0,0,
2025-01-19 06:49:00,10804,charlie,spotify.exe,20.95,318.5,0,0,0,0,
2025-01-12 07:22:00,10805,diana,syskey32.exe,17.15,85.5,1,1,1,0,
2025-01-17 09:44:00,10806,grace,outlook.exe,27.25,341.1,0,0,0,0,
2025-01-17 04:41:00,10807,eve,explorer.exe,14.74,424.7,0,1,0,0,
2025-01-08 06:48:00,10808,charlie,discord.exe,18.27,228.7,0,0,1,0,0.0
2025-01-16 16:14:00,10809,eve,kl_service.exe,11.14,175.6,1,1,1,1,
2025-01-04 15:20:00,10810,bob,keystreamer.exe,12.84,144.7,0,1,0,0,
2025-01-08 06:38:00,10811,alice,discord.exe,17.16,362.7,0,0,1,0,
2025-01-14 09:02:00,10812,charlie,python.exe,9.23,85.1,0,0,0,0,
2025-01-04 01:52:00,10813,grace,word.exe,18.18,131.6,0,0,0,0,
2025-01-21 15:21:00,10814,grace,spotify.exe,28.83,388.6,0,0,0,0,
2025-01-10 10:08:00,10815,bob,explorer.exe,33.51,519.2,0,0,0,0,
2025-01-10 20:18:00,10816,bob,discord.exe,25.27,254.2,0,1,0,0,
2025-01-16 09:55:00,10817,heidi,teams.exe,20.17,581.9,0,0,0,0,
2025-01-01 05:02:00,10818,charlie,python.exe,8.15,688.7,0,0,0,0,
2025-01-12 19:42:00,10819,eve,keycap.exe,14.59,52.1,1,0,1,0,
2025-01-01 00:55:00,10820,frank,explorer.exe,23.67,343.2,0,1,1,0,
2025-01-07 01:17:00,10821,grace,syskey32.exe,7.28,111.7,1,1,0,1,
2025-01-20 22:19:00,10822,grace,chrome.exe,5.43,521.7,0,0,0,0,
2025-01-06 15:50:00,10823,bob,outlook.exe,15.86,434.6,0,0,0,0,
2025-01-02 11:25:00,10824,diana,firefox.exe,29.49,136.2,0,1,0,0,0.0
2025-01-12 15:08:00,10825,bob,spotify.exe,27.94,395.1,0,1,0,0,0.0
2025-01-28 11:37:00,10826,frank,excel.exe,19.94,514.8,0,1,0,0,
2025-01-04 05:01:00,10827,eve,explorer.exe,46.69,134.2,0,0,0,0,
2025-01-11 10:34:00,10828,eve,discord.exe,21.05,426.4,1,1,0,0,0.0
2025-01-04 13:26:00,10829,diana,python.exe,10.36,609.1,0,1,0,0,0.0
2025-01-04 13:22:00,10830,grace,excel.exe,11.45,394.5,0,0,0,0,
2025-01-13 12:30:00,10831,bob,keycap.exe,8.11,94.4,1,0,1,0,1.0
2025-01-13 00:22:00,10832,heidi,teams.exe,27.27,335.3,0,0,0,0,
2025-01-14 07:41:00,10833,eve,kl_service.exe,16.93,141.9,1,1,1,0,1.0
2025-01-27 19:58:00,10834,frank,vscode.exe,23.05,340.0,0,0,0,0,
2025-01-02 01:31:00,10835,charlie,firefox.exe,19.41,197.5,0,0,0,0,
2025-01-29 10:20:00,10836,alice,spotify.exe,18.045,434.5,0,0,0,0,
2025-01-29 02:01:00,10837,alice,chrome.exe,12.81,280.8,0,1,0,0,
2025-01-17 04:53:00,10838,alice,python.exe,13.52,404.5,0,0,0,0,
2025-01-28 12:50:00,10839,heidi,discord.exe,19.35,212.4,0,0,0,0,
2025-01-25 01:54:00,10840,grace,vscode.exe,18.045,250.5,0,0,0,0,
2025-01-25 21:34:00,10841,bob,teams.exe,16.02,249.5,0,0,0,0,
2025-01-06 15:52:00,10842,diana,outlook.exe,4.8,368.2,0,0,0,0,
2025-01-27 17:58:00,10843,heidi,word.exe,9.69,407.2,0,1,0,0,
2025-01-08 03:07:00,10844,heidi,keycap.exe,14.98,61.7,1,1,1,1,
2025-01-18 13:29:00,10845,charlie,notepad.exe,6.78,618.0,1,0,0,0,
2025-01-01 17:42:00,10846,charlie,vscode.exe,0.0,299.9,0,0,1,0,
2025-01-21 18:46:00,10847,heidi,python.exe,40.61,482.3,0,0,0,0,0.0
2025-01-05 07:49:00,10848,frank,kl_service.exe,9.56,68.7,0,1,1,0,
2025-01-04 05:12:00,10849,charlie,syskey32.exe,7.01,178.4,1,1,1,1,
2025-01-28 02:56:00,10850,frank,python.exe,22.56,214.3,0,1,0,0,
2025-01-03 11:56:00,10851,grace,excel.exe,13.77,473.0,0,1,0,0,0.0
2025-01-05 06:48:00,10852,bob,hid_hook.exe,11.72,152.7,1,0,1,0,
2025-01-30 13:23:00,10853,alice,python.exe,30.87,289.1,0,0,0,0,0.0
2025-01-06 06:01:00,10854,heidi,spotify.exe,43.53,405.4,0,0,0,0,0.0
2025-01-06 17:38:00,10855,bob,word.exe,30.22,560.3,0,0,0,0,0.0
2025-01-12 12:56:00,10856,grace,teams.exe,39.7,321.0,0,0,0,0,
2025-01-19 13:34:00,10857,diana,kl_service.exe,18.72,96.5,0,0,1,0,
2025-01-05 10:11:00,10858,diana,chrome.exe,25.04,81.0,0,0,0,0,
2025-01-19 02:29:00,10859,grace,vscode.exe,39.5,485.3,0,0,0,0,
2025-01-10 23:29:00,10860,frank,spotify.exe,0.0,163.7,0,0,0,0,
2025-01-09 23:10:00,10861,eve,python.exe,16.53,204.3,0,0,0,0,0.0
2025-01-06 12:23:00,10862,eve,keylog.exe,3.95,129.4,1,1,1,1,
2025-01-09 11:19:00,10863,frank,teams.exe,0.0,502.7,0,0,0,0,
2025-01-11 22:08:00,10864,diana,excel.exe,0.0,632.1,0,0,1,0,0.0
2025-01-17 03:55:00,10865,diana,spotify.exe,30.81,464.8,0,0,1,0,
2025-01-05 16:18:00,10866,heidi,outlook.exe,3.18,418.6,0,0,1,0,
2025-01-12 01:13:00,10867,diana,hid_hook.exe,0.0,115.3,1,1,1,1,0.0
2025-01-25 11:20:00,10868,bob,teams.exe,29.16,179.5,0,0,0,0,0.0
2025-01-14 06:43:00,10869,diana,discord.exe,28.5,304.6,0,0,0,0,0.0
2025-01-24 23:29:00,10870,charlie,discord.exe,27.6,331.9,0,0,0,0,
2025-01-08 01:27:00,10871,heidi,chrome.exe,32.91,115.9,0,0,1,0,0.0
2025-01-08 07:54:00,10872,alice,hid_hook.exe,12.71,178.8,1,0,1,0,
2025-01-12 23:40:00,10873,diana,keycap.exe,12.68,158.8,1,1,1,1,
2025-01-03 15:32:00,10874,frank,notepad.exe,17.14,455.1,0,1,0,0,
2025-01-20 11:04:00,10875,alice,keylog.exe,2.44,71.7,1,1,0,1,
2025-01-19 22:45:00,10876,charlie,chrome.exe,11.54,261.8,0,1,0,0,
2025-01-19 16:20:00,10877,frank,word.exe,1.32,331.8,0,0,0,0,
2025-01-02 02:45:00,10878,alice,spotify.exe,17.04,354.9,0,0,0,0,
2025-01-04 21:42:00,10879,frank,discord.exe,4.68,95.1,1,0,0,0,0.0
2025-01-05 16:47:00,10880,bob,keystreamer.exe,9.12,169.2,0,1,1,0,0.0
2025-01-19 20:19:00,10881,heidi,spotify.exe,27.25,407.5,0,1,0,0,
2025-01-09 01:33:00,10882,charlie,outlook.exe,42.18,217.4,0,0,0,0,
2025-01-08 08:29:00,10883,bob,vscode.exe,31.74,399.8,0,1,0,0,0.0
2025-01-10 15:58:00,10884,bob,word.exe,21.11,440.3,0,0,0,0,0.0
2025-01-14 23:19:00,10885,frank,firefox.exe,16.15,196.2,0,0,0,0,0.0
2025-01-20 01:26:00,10886,heidi,vscode.exe,17.69,395.3,0,0,0,0,
2025-01-10 01:26:00,10887,grace,explorer.exe,31.84,320.7,0,0,0,0,
2025-01-18 05:38:00,10888,eve,vscode.exe,21.99,334.4,0,0,0,0,
2025-01-25 13:18:00,10889,diana,vscode.exe,30.75,154.9,0,0,0,0,0.0
2025-01-04 00:04:00,10890,diana,chrome.exe,24.87,342.1,0,1,0,0,
2025-01-08 11:47:00,10891,charlie,chrome.exe,27.26,423.3,0,0,0,0,0.0
2025-01-07 07:51:00,10892,charlie,excel.exe,20.94,281.9,0,0,0,0,
2025-01-27 11:10:00,10893,diana,spotify.exe,6.51,123.7,0,1,0,0,
2025-01-12 09:09:00,10894,eve,chrome.exe,25.11,277.3,0,0,0,0,
2025-01-29 18:27:00,10895,diana,notepad.exe,18.045,10.0,0,0,0,0,
2025-01-10 18:03:00,10896,grace,firefox.exe,21.97,268.5,0,0,0,0,0.0
2025-01-20 23:06:00,10897,charlie,spotify.exe,4.05,348.2,0,1,0,0,
2025-01-16 12:30:00,10898,charlie,hid_hook.exe,16.02,74.7,1,1,1,0,
2025-01-29 21:25:00,10899,alice,spotify.exe,7.02,475.5,0,0,0,0,0.0
2025-01-01 01:57:00,10900,frank,explorer.exe,8.55,10.0,0,1,0,0,0.0
2025-01-14 03:35:00,10901,grace,chrome.exe,22.27,604.0,0,0,0,0,0.0
2025-01-10 04:34:00,10902,grace,notepad.exe,30.03,420.3,0,1,1,0,
2025-01-27 14:48:00,10903,heidi,vscode.exe,34.72,490.9,0,0,0,0,0.0
2025-01-01 14:06:00,10904,charlie,chrome.exe,12.01,266.8,0,0,0,0,
2025-01-08 14:34:00,10905,charlie,discord.exe,9.71,328.9,0,0,0,0,
2025-01-10 12:23:00,10906,bob,keystreamer.exe,13.05,296.5,1,1,1,1,
2025-01-16 18:20:00,10907,grace,syskey32.exe,4.46,93.1,1,1,0,1,
2025-01-23 06:03:00,10908,bob,discord.exe,15.58,399.1,0,0,0,0,
2025-01-05 11:49:00,10909,bob,outlook.exe,18.8,203.0,0,1,0,0,0.0
2025-01-21 21:45:00,10910,frank,excel.exe,10.03,540.6,0,0,0,0,
2025-01-30 05:41:00,10911,bob,python.exe,19.24,168.7,0,0,1,0,0.0
2025-01-19 07:46:00,10912,eve,keycap.exe,8.05,147.0,1,1,1,1,1.0
2025-01-26 16:16:00,10913,diana,discord.exe,21.19,188.8,0,0,0,0,0.0
2025-01-28 02:51:00,10914,alice,firefox.exe,10.94,242.8,0,1,0,0,
2025-01-02 10:08:00,10915,charlie,spotify.exe,37.5,157.3,0,1,0,0,
2025-01-28 02:01:00,10916,eve,explorer.exe,13.02,412.7,0,0,0,0,0.0
2025-01-09 23:41:00,10917,alice,discord.exe,41.17,252.9,0,0,0,0,
2025-01-30 12:53:00,10918,grace,keycap.exe,8.48,90.3,1,0,0,0,0.0
2025-01-02 06:28:00,10919,grace,teams.exe,12.95,641.6,0,1,0,0,
2025-01-02 07:57:00,10920,grace,spotify.exe,23.47,347.8,0,1,0,0,
2025-01-15 07:38:00,10921,eve,keystreamer.exe,9.6,170.1,1,0,1,0,
2025-01-23 09:34:00,10922,eve,explorer.exe,38.56,481.5,0,0,0,0,0.0
2025-01-28 14:36:00,10923,charlie,python.exe,8.49,126.9,0,0,0,0,
2025-01-14 23:28:00,10924,diana,chrome.exe,20.69,248.7,0,0,0,0,
2025-01-01 00:09:00,10925,heidi,outlook.exe,31.42,83.3,1,0,0,0,
2025-01-12 13:24:00,10926,bob,outlook.exe,34.93,363.7,0,0,0,0,
2025-01-16 13:42:00,10927,grace,kl_service.exe,6.45,140.2,1,0,1,0,
2025-01-07 20:25:00,10928,frank,notepad.exe,15.32,354.9,0,0,0,0,
2025-01-02 12:59:00,10929,diana,keylog.exe,5.96,169.4,1,1,1,1,
2025-01-28 15:29:00,10930,frank,excel.exe,13.63,386.4,0,0,0,0,
2025-01-04 16:07:00,10931,charlie,teams.exe,19.61,415.3,0,1,0,0,
2025-01-24 21:07:00,10932,charlie,notepad.exe,18.045,296.3,0,0,0,0,0.0
2025-01-06 21:52:00,10933,charlie,firefox.exe,34.6,398.7,0,1,0,0,
2025-01-01 22:22:00,10934,alice,python.exe,23.75,559.6,1,1,0,0,
2025-01-14 08:16:00,10935,frank,teams.exe,20.42,231.8,0,0,0,0,
2025-01-20 02:54:00,10936,diana,spotify.exe,31.24,459.6,0,0,0,0,
2025-01-10 21:11:00,10937,heidi,explorer.exe,3.86,430.2,0,1,0,0,
2025-01-23 10:13:00,10938,diana,notepad.exe,34.05,47.8,1,1,1,0,
2025-01-19 11:34:00,10939,eve,chrome.exe,6.63,195.9,0,0,0,0,
2025-01-26 04:18:00,10940,eve,excel.exe,29.71,387.1,0,0,0,0,0.0
2025-01-20 14:53:00,10941,grace,explorer.exe,21.47,513.1,0,0,0,0,
2025-01-30 05:18:00,10942,heidi,teams.exe,10.51,227.3,0,0,1,0,
2025-01-29 07:12:00,10943,eve,firefox.exe,11.91,453.1,0,1,0,0,
2025-01-13 11:48:00,10944,charlie,firefox.exe,59.14,79.1,0,0,0,0,
2025-01-22 13:17:00,10945,diana,spotify.exe,28.25,324.9,0,1,0,0,
2025-01-09 11:39:00,10946,frank,word.exe,12.86,434.1,0,1,0,0,0.0
2025-01-01 03:55:00,10947,charlie,outlook.exe,16.37,579.7,0,1,0,0,
2025-01-30 19:29:00,10948,alice,notepad.exe,14.75,184.8,0,1,0,0,
2025-01-02 07:48:00,10949,charlie,python.exe,26.16,410.9,0,0,0,0,
2025-01-06 22:47:00,10950,charlie,keycap.exe,13.43,121.9,1,1,1,1,
2025-01-26 04:58:00,10951,charlie,teams.exe,15.7,185.4,0,0,0,0,
2025-01-04 15:36:00,10952,alice,vscode.exe,52.09,611.0,0,1,0,0,
2025-01-14 04:59:00,10953,bob,notepad.exe,47.05,286.1,1,1,0,0,
2025-01-06 16:02:00,10954,diana,python.exe,45.03,403.3,0,0,0,0,0.0
2025-01-04 18:15:00,10955,frank,outlook.exe,50.41,293.3,0,0,0,0,
2025-01-26 02:39:00,10956,grace,firefox.exe,25.29,10.0,0,0,0,0,
2025-01-05 03:11:00,10957,bob,python.exe,6.58,347.7,0,0,0,0,0.0
2025-01-16 04:12:00,10958,eve,chrome.exe,8.53,250.2,0,0,0,0,
2025-01-06 13:27:00,10959,charlie,discord.exe,30.26,283.5,0,0,0,0,
2025-01-30 01:12:00,10960,heidi,explorer.exe,17.25,288.1,0,0,0,0,
2025-01-22 04:43:00,10961,alice,word.exe,20.61,540.4,0,1,0,0,
2025-01-17 04:45:00,10962,alice,excel.exe,23.0,382.3,0,1,0,0,
2025-01-15 17:24:00,10963,heidi,discord.exe,22.03,228.1,0,1,0,0,
2025-01-11 18:44:00,10964,diana,word.exe,2.03,482.5,0,1,0,0,
2025-01-14 09:22:00,10965,bob,notepad.exe,1.39,385.4,0,0,0,0,
2025-01-17 14:50:00,10966,grace,excel.exe,12.7,458.2,0,0,0,0,
2025-01-01 01:17:00,10967,diana,hid_hook.exe,2.56,182.5,1,1,1,1,
2025-01-29 00:25:00,10968,heidi,word.exe,14.78,228.6,0,0,0,0,
2025-01-15 07:31:00,10969,charlie,spotify.exe,13.41,518.2,0,0,0,0,
2025-01-12 19:04:00,10970,heidi,excel.exe,0.0,241.2,0,1,0,0,
2025-01-10 18:20:00,10971,diana,word.exe,30.22,187.7,1,0,0,0,0.0
2025-01-13 02:49:00,10972,frank,keylog.exe,8.17,168.9,0,1,0,0,
2025-01-13 20:40:00,10973,alice,vscode.exe,17.63,532.3,0,0,0,0,
2025-01-07 14:30:00,10974,alice,firefox.exe,35.55,569.6,0,0,0,0,0.0
2025-01-21 08:07:00,10975,eve,keylog.exe,8.09,180.5,1,1,1,1,
2025-01-20 13:33:00,10976,eve,notepad.exe,11.85,157.5,0,0,0,0,
2025-01-28 13:51:00,10977,heidi,discord.exe,39.4,159.5,0,1,0,0,
2025-01-09 07:14:00,10978,grace,firefox.exe,17.97,403.8,1,0,0,0,0.0
2025-01-06 10:04:00,10979,charlie,chrome.exe,6.57,274.2,0,1,0,0,
2025-01-05 13:25:00,10980,frank,outlook.exe,27.57,441.4,0,0,0,0,
2025-01-05 03:44:00,10981,bob,chrome.exe,38.05,42.0,0,0,0,0,
2025-01-15 22:46:00,10982,diana,word.exe,24.56,319.5,0,1,0,0,
2025-01-26 23:58:00,10983,grace,excel.exe,14.81,459.1,0,0,0,0,
2025-01-13 21:34:00,10984,charlie,python.exe,20.68,322.4,0,1,0,0,0.0
2025-01-07 09:04:00,10985,eve,teams.exe,15.94,369.2,0,0,0,0,
2025-01-14 06:16:00,10986,heidi,firefox.exe,12.75,565.2,0,1,1,0,
2025-01-02 12:32:00,10987,diana,discord.exe,26.52,297.1,0,0,0,0,
2025-01-24 14:56:00,10988,eve,keystreamer.exe,8.2,48.9,1,1,1,1,
2025-01-08 19:26:00,10989,heidi,python.exe,36.95,447.8,0,1,0,0,
2025-01-13 18:21:00,10990,diana,kl_service.exe,11.88,95.8,1,1,1,1,1.0
2025-01-26 07:35:00,10991,bob,spotify.exe,42.81,450.7,0,0,0,0,
2025-01-19 13:27:00,10992,charlie,excel.exe,16.4,10.0,0,0,0,0,0.0
2025-01-03 18:58:00,10993,diana,word.exe,17.97,440.1,0,1,0,0,
2025-01-08 20:22:00,10994,frank,kl_service.exe,1.82,183.7,1,0,0,0,
2025-01-02 08:50:00,10995,grace,teams.exe,33.93,495.1,0,0,0,0,
2025-01-29 13:57:00,10996,alice,word.exe,17.68,443.4,0,1,0,0,0.0
2025-01-19 21:22:00,10997,frank,python.exe,49.25,358.1,0,1,0,0,
2025-01-22 14:30:00,10998,frank,hid_hook.exe,0.0,111.0,1,1,0,1,
2025-01-13 05:06:00,10999,grace,firefox.exe,29.56,359.5,1,1,1,0,
